id,domain,status,purchase_price,renewal_price,attractiveness,demand,length,registrar,created_at,expires_at,status_verified_at
da79e5ff-86fa-402d-9061-7766e618fb7c,ebullient.style,available,7.98,49.98,high,low,9,namecheap,,,14/08/2026 23:20
1e23aa80-4aba-4cf1-8daa-e3ee8c8eece0,sundays.style,available,16.99,38.99,high,low,7,namesilo,,,18/09/2026 10:50
1748cd2f-882f-4e3f-9ba6-06e22556a94a,persistence.style,available,12.99,,high,low,11,name.com,,,
2333180a-4a76-4062-8218-79983f6d118d,toitoi.style,available,7.98,49.98,medium,low,6,namecheap,,,20/09/2026 12:23
0f75c7e5-d6d7-45d0-8481-d86471a39d42,asana.style,available,16.99,38.99,high,low,5,namesilo,,,20/09/2026 12:49
e0353c8a-310b-4cc5-b415-f0941186755b,generally.style,available,16.99,38.99,medium,low,9,namesilo,,,28/09/2026 13:35
af2bd42e-fcd2-4e45-9173-19c68c70e41a,beaches.style,available,16.99,38.99,high,low,7,namesilo,,,20/09/2026 07:25
c6e5332c-7f24-47d4-b95c-27bf28304a9c,dionysian.style,available,7.98,49.98,medium,low,9,namecheap,,,14/08/2026 08:24
7159cead-45f1-4291-9a4b-5d51c81862ec,linguist.style,available,7.98,49.98,high,low,8,namecheap,,,08/09/2026 23:18
8f2b62a5-e06f-4ec0-8948-835a8586ba51,thankful.style,available,16.99,38.99,high,low,8,namesilo,,,24/09/2026 22:54
b8e86603-1a29-412f-87cc-15610e657b83,pettifog.style,available,16.99,38.99,medium,low,8,namesilo,,,23/09/2026 13:20
18de9e8e-656f-44f7-b793-966c904f62c1,carnal.style,available,7.98,49.98,high,low,6,namecheap,,,
625cda32-ddaa-4b38-8f8a-59fc24fd5b4c,mid.style,premium,38.94,38.94,high,low,3,namesilo,,,
c24f3e2f-4978-4646-91e1-4cb576f52517,duodenal.style,available,7.98,49.98,medium,low,8,namecheap,,,14/08/2026 21:21
9d63dbb8-62de-40c5-b197-ec66376dfaf8,disappoint.style,available,30.2,30.2,medium,low,10,cloudflare,,,29/09/2026 14:14
4087b0fd-6cb6-4863-92d7-4d294fba8503,gaudi.style,available,16.99,38.99,high,low,5,namesilo,,,19/09/2026 15:36
24faaf94-78b9-4c4c-9f2a-25bda486c29e,rejecting.style,available,30.2,30.2,low,low,9,cloudflare,,,30/09/2026 00:04
0320401a-d7b7-47f3-88fd-7fc854e3c96a,obedience.style,available,30.2,30.2,high,low,9,cloudflare,,,29/09/2026 13:35
5db809f9-d2ff-4d39-9e25-2ef4007540ee,zaftig.style,available,7.98,49.98,high,low,6,namecheap,,,13/09/2026 14:56
3743ad62-1091-477b-9870-71335d2318e4,outrage.style,available,7.21,31.41,medium,low,7,porkbun,,,28/09/2026 10:08
8b212efb-1824-47f9-ba04-e9d9abb95acd,processor.style,available,16.99,38.99,high,low,9,namesilo,,,29/09/2026 11:51
62dcc374-5d6f-405a-adf5-f9d87572958d,vexation.style,available,7.98,49.98,medium,low,8,namecheap,,,
7cce3b58-1bcb-4875-9200-b308ce5bca65,honesty.style,available,6.93,31.25,high,low,7,spaceship,,,28/09/2026 06:00
d8545a58-6810-4ab1-8c99-5b56fe8630d3,acousma.style,available,16.99,38.99,medium,low,7,namesilo,,,17/09/2026 02:29
c18dbd51-8149-43a9-9cd6-ba61067502b1,hangdog.style,available,7.98,49.98,medium,low,7,namecheap,,,20/08/2026 23:41
cf054c6e-995c-42c2-be6e-4cfd9e74ef6e,bambusa.style,available,16.99,38.99,medium,low,7,namesilo,,,22/09/2026 00:41
0e810ab2-3888-4011-817a-3962a382d0d6,pencils.style,available,16.99,38.99,medium,low,7,namesilo,,,20/09/2026 08:42
4bf40682-0827-4c40-bbc6-d796df9c33f4,andante.style,available,7.98,49.98,medium,low,7,namecheap,,,
271306f9-d8be-4e7c-a466-b4ea7cdd4e79,invitations.style,available,30.2,30.2,medium,low,11,cloudflare,,,29/09/2026 11:30
577b33d8-f594-4e0f-a9c2-33289f746fde,delay.style,available,16.99,38.99,high,low,5,namesilo,,,29/09/2026 13:44
a91b594a-66d8-4133-9fd9-2cf84b30eb22,notch.style,available,16.99,38.99,high,low,5,namesilo,,,28/09/2026 10:27
a3f745ad-5fcd-44fc-b43e-fd520ba1a441,wheaten.style,available,7.98,49.98,medium,low,7,namecheap,,,13/09/2026 11:15
c526594d-ac86-48e9-a8b3-dd572a2e0066,bap.style,premium,38.94,38.94,high,low,3,namesilo,,,22/09/2026 03:20
d3a178da-cc02-44a5-8ca4-d860c6bf18b3,him.style,premium,78.54,78.54,high,low,3,namesilo,,,
63a3497b-7265-4433-adea-10d9f5e4b3c1,mole.style,available,16.99,38.99,high,low,4,namesilo,,,27/09/2026 11:53
3d9b0ef7-70cf-4553-8915-314b6390aee6,arrest.style,available,7.98,49.98,high,low,6,namecheap,,,20/08/2026 22:54
604fed82-5e4e-479d-8568-127dc3fa3c0f,strangely.style,available,7.98,49.98,medium,low,9,namecheap,,,14/09/2026 20:38
5863223b-f41c-49a8-889f-cb39188238aa,weightless.style,available,7.98,49.98,high,low,10,namecheap,,,13/09/2026 10:09
7a2e5000-f9ef-407f-b3a5-1a8129e9efd0,armet.style,available,12.99,50.99,medium,low,5,name.com,,,20/09/2026 06:49
ca2c9ddb-982a-4441-bedc-afccfcc9a841,nonzero.style,available,7.98,49.98,high,low,8,namecheap,,,03/09/2026 18:39
6b8ac0da-2dec-46c6-860a-3494df5a431a,cantaloup.style,available,16.99,38.99,high,low,9,namesilo,,,24/09/2026 12:08
7e5257d1-4b60-43ca-9955-e8e0ddee0544,shell.style,available,,,high,medium,5,,,,
aaab570d-1ee5-4efd-98ea-3b531e24b5b0,postwar.style,available,7.98,49.98,medium,low,7,namecheap,,,09/09/2026 00:42
ee36b901-3a5a-4c3e-9792-27935410fae0,brutal.style,available,7.98,49.98,medium,low,6,namecheap,,,08/08/2026 15:45
c7f5b3c1-d97e-40aa-94f9-197eaadbf90b,rude.style,available,16.99,38.99,high,low,4,namesilo,,,22/09/2026 16:12
22788a65-542e-41a9-aa1e-b1137f9ba15b,belonged.style,available,16.99,38.99,medium,low,8,namesilo,,,27/09/2026 10:31
63c4bf18-56db-4d82-b2aa-cef1fbc365cc,became.style,available,12.99,,medium,low,6,name.com,,,
28c8f7c4-0480-40ff-b948-6b1a5e7585db,pablo.style,available,6.93,31.25,high,low,5,spaceship,,,28/09/2026 11:58
ee299585-03ed-4d94-876e-56631b3d9eee,ltd.style,premium,38.94,38.94,high,low,3,namesilo,,,25/09/2026 11:58
50219e8d-338e-437d-9efb-9a9458e2089a,brimming.style,available,7.98,49.98,medium,low,8,namecheap,,,11/08/2026 04:12
ac02d1ec-10ab-486b-8e83-a9d438b01f06,anvil.style,available,16.99,38.99,high,low,5,namesilo,,,19/09/2026 15:57
5481f597-f0d7-4747-983c-5fe93a73c5fd,disharmony.style,available,16.99,38.99,medium,low,10,namesilo,,,24/09/2026 22:38
10a9c1e1-6d0d-4541-b222-995f35db3271,extendable.style,available,7.98,49.98,medium,low,10,namecheap,,,17/08/2026 18:59
57923494-6b0a-4ea6-88c6-3be12b5e8b20,exemplary.style,available,7.98,49.98,high,low,9,namecheap,,,21/09/2026 18:58
47136907-a222-4650-9734-12ce5bbc6174,perform.style,available,12.99,,high,low,7,name.com,,,
da121436-61bb-4af3-84fc-e728ce196625,ptolemaic.style,available,7.98,49.98,medium,low,9,namecheap,,,09/09/2026 05:10
b6f7a871-2fe2-4f05-9f2f-51cc97ca15fd,unary.style,available,7.98,49.98,medium,low,5,namecheap,,,12/09/2026 01:06
1f9823bc-4929-43d1-b91a-4dfcbda8451d,cameras.style,premium,42.9,42.9,high,low,7,namecheap,,,25/09/2026 20:54
708ce7d8-e8bc-4fb8-bae0-397e4efa571e,minors.style,available,30.2,30.2,high,low,6,cloudflare,,,29/09/2026 18:08
bfcdd036-38ed-4a68-80a0-b299015092ff,excitable.style,available,7.98,49.98,medium,low,9,namecheap,,,17/08/2026 16:22
32a8fa2d-e1c2-4b2f-8bf7-54bb4f219b28,erotically.style,available,7.98,49.98,medium,low,10,namecheap,,,14/09/2026 15:58
47849fde-e0e1-420e-9257-9e3be193c0f7,meter.style,available,16.99,38.99,high,low,5,namesilo,,,25/09/2026 15:55
5b4bd7af-b9c6-4b11-a697-f45b4650369d,isn.style,premium,38.94,38.94,high,low,3,namesilo,,,30/09/2026 02:01
d9a0b609-47fc-4e90-ab99-9ec3bc3a6389,cod.style,premium,118.8,118.8,high,low,3,namesilo,,,23/09/2026 14:56
65b05af0-c37d-487a-b90a-3aa5728e8155,arabist.style,available,16.99,38.99,medium,low,7,namesilo,,,19/09/2026 23:35
2ae452c1-12e9-40fa-a3aa-9eca3c8aca19,cinque.style,available,7.98,49.98,medium,low,6,namecheap,,,
5ea386ba-eab1-4b0f-a5e9-44a08e9b15cf,modelling.style,available,12.99,,high,low,9,name.com,,,
e5c76b87-d37d-4172-814a-a492bcf078b5,unimpeded.style,available,7.98,49.98,medium,low,9,namecheap,,,12/09/2026 13:10
0dc938cd-9b51-478e-b60b-5df532818a14,slapped.style,available,30.2,30.2,low,low,7,cloudflare,,,29/09/2026 23:39
4c29fe0a-395d-46cd-b2ef-3829ca12cbb7,media.style,resell,,,high,medium,5,"Sav.com, LLC - 39",16/01/2026 15:15,16/01/2027 15:15,26/09/2026 07:29
e4f6908c-463b-497c-8545-47a5c79d9e39,fault.style,available,7.98,49.98,high,low,5,namecheap,,,10/08/2026 12:51
49028eda-9b9e-4603-afa5-d7a9a984bdbf,zonal.style,available,7.98,49.98,medium,low,5,namecheap,,,13/09/2026 15:29
6f36cbba-6e40-4405-a556-95c1e25a1571,ringway.style,available,16.99,38.99,medium,low,7,namesilo,,,23/09/2026 07:12
1b3d2fa3-b5a8-4db2-84a7-ebc6c142ec0d,milfoil.style,available,16.99,38.99,medium,low,7,namesilo,,,17/09/2026 00:37
2704bafd-1883-4193-aa58-1459389e9c65,naturistic.style,available,7.98,49.98,medium,low,10,namecheap,,,03/09/2026 13:59
bad63477-f10c-4b1e-986f-298f07110c99,alan.style,available,16.99,38.99,high,low,4,namesilo,,,25/09/2026 11:29
bc2c2c96-b060-4ab0-8bda-a73e281bb059,dracula.style,available,16.99,38.99,high,low,7,namesilo,,,29/09/2026 16:40
ecc8e808-4da5-4d30-895c-65e4df4dcb69,mendocino.style,available,30.2,30.2,medium,low,9,cloudflare,,,29/09/2026 22:47
11de99a0-30b7-4108-be23-2122d9f76605,homework.style,available,6.93,31.25,high,low,8,spaceship,,,28/09/2026 06:00
e2f02c33-4f5c-49d9-b768-ad7a592f698d,workings.style,available,6.93,31.25,high,low,8,spaceship,,,28/09/2026 10:48
42502882-c4fc-4a8d-b3bb-0882e90b9c49,sise.style,available,7.98,49.98,medium,low,4,namecheap,,,
e947839b-0bb3-49f1-baac-8c112da64eb7,tout.style,available,7.98,49.98,high,low,4,namecheap,,,11/08/2026 01:03
3409a7ee-c9be-4449-ac28-4ff3a447121d,neptunium.style,available,16.99,38.99,medium,low,9,namesilo,,,21/09/2026 00:09
994dc6ba-6ea1-4111-af3e-5e7261ca005a,titular.style,available,7.98,49.98,medium,low,7,namecheap,,,11/09/2026 16:32
b018b748-e820-4729-a3ec-45864711901e,toll.style,available,,,high,medium,4,,,,
400a779f-78d3-4905-a97d-4aa0244234b4,statehood.style,available,12.99,,high,low,9,name.com,,,
540e062d-517d-4e9a-a444-aaebe20e443f,bellying.style,available,7.98,49.98,low,low,8,namecheap,,,09/08/2026 13:37
5a3f1aa4-0506-4517-beba-182a312407da,believable.style,available,7.98,49.98,medium,low,10,namecheap,,,09/08/2026 13:01
ee0ebca5-447d-4311-b577-bdd59f27a883,amniotic.style,available,7.98,49.98,medium,low,8,namecheap,,,
ca76070c-cc96-4e78-bee3-ba87a4dd7816,zama.style,available,16.99,38.99,medium,low,4,namesilo,,,22/09/2026 16:21
fd009387-6608-4063-b4e8-b3ebe300e55b,midwife.style,available,16.99,38.99,high,low,7,namesilo,,,16/09/2026 23:05
7ec900db-4794-49b5-8a57-620c95cf3296,overwhelmed.style,available,12.99,,medium,low,11,name.com,,,
68c56201-27f0-4b29-aa89-c2fb3cb74014,pizzeria.style,available,12.99,,high,low,8,name.com,,,
e674f2e0-4f6f-496d-a7d0-e41a88520a93,mysterious.style,available,16.99,38.99,high,low,10,namesilo,,,24/09/2026 03:42
5b7121d0-97c8-49da-b6b1-515df5342fe0,edwards.style,available,16,,medium,low,7,unstoppable,,,28/09/2026 09:34
04939869-dfa3-44d8-a948-24827d5a0002,focusing.style,available,16.99,38.99,high,low,8,namesilo,,,24/09/2026 13:33
83faf5c9-5396-4d6e-bacf-58f2d8b762ea,cortland.style,available,7.17,32.21,high,low,8,dynadot,,,30/09/2026 01:07
1760b393-dd04-4d7b-8eab-09e6dc9ec55c,armando.style,available,6.93,31.25,medium,low,7,spaceship,,,29/09/2026 11:42
0073205b-faf0-4271-b624-0d951176238e,supplier.style,available,12.99,,high,low,8,name.com,,,
e700094e-2145-467f-89df-bc6d4e17d225,administration.style,available,7.98,49.98,high,low,14,namecheap,,,28/09/2026 03:19
5373112d-b05c-49af-9c53-67c6e7670002,construct.style,available,16.99,38.99,high,low,9,namesilo,,,24/09/2026 10:59
d257d637-3d3d-4b39-aaa3-81d766f97e77,internally.style,available,7.98,49.98,medium,low,10,namecheap,,,15/09/2026 09:01
40642eed-a46a-473a-909b-c2ce83727a4d,sixfold.style,available,7.98,49.98,medium,low,7,namecheap,,,10/09/2026 05:21
0c0bd3d9-94ae-4373-bf0d-4b25a16c1985,barbaric.style,available,7.98,49.98,medium,low,8,namecheap,,,08/08/2026 15:31
4a369cbc-4a70-4cbb-bc90-7f39a852e6db,nocent.style,available,7.98,49.98,medium,low,6,namecheap,,,03/09/2026 18:02
c6c5f81d-1488-4c7c-affe-2f2073920799,her.style,resell,,,high,low,3,"Spaceship, Inc.",06/08/2020 00:35,06/08/2027 00:35,26/09/2026 06:39
98eb4610-da5c-4280-b911-88548175a2df,mortars.style,available,12.99,50.99,low,low,7,name.com,,,21/09/2026 02:28
d7d681d6-cdfc-4e40-ba71-b1bb92a0c665,revenant.style,available,7.98,49.98,high,low,8,namecheap,,,09/09/2026 12:04
5e0530d7-5492-4714-a561-d4dd27f11439,responses.style,available,6.93,31.25,medium,low,9,spaceship,,,29/09/2026 17:29
314211f2-4142-496d-8476-2174d135034e,garrett.style,available,7.98,49.98,high,low,7,namecheap,,,25/09/2026 14:29
6fca070c-25b1-4465-9315-2c859e68c84d,amanita.style,available,16.99,38.99,medium,low,7,namesilo,,,18/09/2026 15:43
e230a157-b613-4985-a69f-199d34481973,sunbeam.style,available,12.99,,high,low,7,name.com,,,
d7f8b3e6-07dc-4ca0-af53-8669e97f862c,awakened.style,available,16.99,38.99,high,low,8,namesilo,,,22/09/2026 14:47
40a0441b-aa1d-4c2b-ab83-bf5e18d6b298,ephemeron.style,available,7.98,49.98,medium,low,9,namecheap,,,17/08/2026 10:22
3602497b-2123-4653-b5bc-39c4b1439d2f,diatonic.style,available,7.98,49.98,medium,low,8,namecheap,,,14/08/2026 06:21
8bca4b92-3620-4d8b-a92e-f7a72a7f0d47,variety.style,available,16.99,38.99,high,low,7,namesilo,,,25/09/2026 12:52
0e69c2d7-c8b3-4829-ba10-c2a5d6b351ab,wan.style,premium,38.94,38.94,high,low,3,namesilo,,,04/09/2026 23:53
74dd75e3-ebfe-470f-8e0a-416374e862a0,independently.style,available,6.93,31.25,medium,low,13,spaceship,,,29/09/2026 14:31
254f0c63-f3e0-4a86-9635-d30645f461c1,down.style,available,16.99,38.99,high,low,4,namesilo,,,24/09/2026 11:53
08bb6761-3788-4e76-8f62-911d20aa625c,unreached.style,available,7.98,49.98,medium,low,9,namecheap,,,04/09/2026 18:48
6d572657-377f-4774-87ee-b7751c470503,shining.style,available,16.99,38.99,high,low,7,namesilo,,,23/09/2026 11:49
198b61ad-27c8-40fe-acb8-0f0f2e03b0c6,sprigged.style,available,7.98,49.98,medium,low,8,namecheap,,,10/09/2026 16:47
d9f5aadc-3d6c-4424-a8df-e1fed10dddd9,cyclic.style,available,12.99,50.99,high,low,6,name.com,,,13/08/2026 13:31
48b676cf-5684-4a8b-bf3f-efffc1f2806e,wwii.style,available,16,,medium,low,4,unstoppable,,,28/09/2026 07:36
387f6577-2926-4ca8-bcfb-18a5c4533850,holey.style,available,7.98,49.98,medium,low,5,namecheap,,,21/08/2026 10:23
8183c9b7-4b30-432f-aa3e-e3330e3bbaa0,outsider.style,available,16.99,38.99,high,low,8,namesilo,,,28/09/2026 15:01
14d00218-f241-4727-bbf2-fa8c9d8db757,authority.style,available,7.98,49.98,high,low,9,namecheap,,,17/09/2026 17:02
1d53327a-8596-4558-b192-1290374cd4e6,tameable.style,available,7.98,49.98,medium,low,8,namecheap,,,11/09/2026 07:38
9a44c4af-867a-4e67-b3b0-d98e8b47234a,antitumor.style,available,16.99,38.99,high,low,9,namesilo,,,22/09/2026 06:40
b5c36057-d6e1-485d-a23f-4516785947c9,instructor.style,available,7.98,49.98,high,low,10,namecheap,,,28/09/2026 02:10
09feafe9-9df9-4b1e-8c1a-4cc49f6e7598,sublimely.style,available,7.98,49.98,medium,low,9,namecheap,,,16/09/2026 07:34
1c3acafb-2d53-4e88-b04c-6a49b7eda931,pondered.style,available,7.98,49.98,medium,low,8,namecheap,,,18/09/2026 02:08
dbcb8b65-879a-4fc0-ad1f-4dfaec89fe8b,babu.style,available,7.98,49.98,high,low,4,namecheap,,,21/09/2026 12:51
d3726465-aba4-438f-8e94-07b3fa075a13,halle.style,available,16.99,38.99,high,low,5,namesilo,,,27/09/2026 04:25
d9e38a55-f593-4ffc-a5ed-f25d7905e1ed,rarity.style,available,7.98,49.98,high,low,6,namecheap,,,24/09/2026 20:28
32bb787f-e305-461d-a64c-d2d7af8f37eb,fiddling.style,available,7.98,49.98,medium,low,8,namecheap,,,18/08/2026 03:28
ad6a3643-3990-4cb6-88cc-bfeb92f69b8b,bearberry.style,available,7.98,49.98,medium,low,9,namecheap,,,22/09/2026 20:57
f857f990-f0c1-4d99-a5f6-0836d6e77704,nodded.style,available,16.99,38.99,medium,low,6,namesilo,,,18/09/2026 03:34
44e943b6-c9ed-4960-a46d-78bdb3a983e4,afterlife.style,available,7.98,49.98,high,low,9,namecheap,,,15/09/2026 00:23
b7a63ae4-99ec-40cf-b7ed-6cc9652e8022,sire.style,available,16,,high,low,4,unstoppable,,,28/09/2026 14:08
7a7a0f7d-d998-4a23-8d4c-ec88f11d3b70,torre.style,available,16.99,38.99,high,low,5,namesilo,,,28/09/2026 03:40
638de17a-1af3-4575-8da3-1a752081d59f,peopled.style,available,7.98,49.98,medium,low,7,namecheap,,,08/09/2026 15:32
e8472032-786c-4a05-8240-618ab167bc5f,backer.style,available,16.99,38.99,high,low,6,namesilo,,,21/09/2026 15:26
d588f673-760d-43f6-b9a6-c20585172386,makeshift.style,available,7.98,49.98,high,low,9,namecheap,,,21/08/2026 23:21
6aec8c28-2334-4648-a7de-e144ae8d7e02,ridge.style,available,16.99,38.99,high,low,5,namesilo,,,28/09/2026 03:01
f4563f9b-0f4f-411c-936e-8fd0311b03d0,swimmingly.style,available,7.98,49.98,medium,low,10,namecheap,,,16/09/2026 02:58
c8be937c-738c-48aa-a1ba-f88b42f1f0fa,millstone.style,available,16.99,38.99,medium,low,9,namesilo,,,18/09/2026 02:29
e72728fd-0e24-4096-88d4-a086eda51321,credulous.style,available,7.98,49.98,medium,low,9,namecheap,,,13/08/2026 05:56
83163db2-48ac-4a9b-bc66-a0758572906c,refuge.style,available,7.98,49.98,high,low,6,namecheap,,,20/09/2026 18:32
fdc2592f-dc60-4482-b73c-82c2b5ea4cf0,physiological.style,available,16,,medium,low,13,unstoppable,,,29/09/2026 20:58
69d15096-4388-44fb-8bf6-d14d05242e69,lollipop.style,available,16.99,38.99,high,low,8,namesilo,,,18/09/2026 08:50
03135ba2-d52b-4d4d-9bcb-a4dc8feedf08,esa.style,premium,,,high,high,3,,,,27/09/2026 17:14
ff6cefa4-2a66-41e1-b758-a86e3bfee724,vocative.style,available,7.98,49.98,medium,low,8,namecheap,,,13/09/2026 06:31
2ecff2cd-d06b-48d9-bdc8-ddd7819c8107,chivalric.style,available,7.98,49.98,high,low,9,namecheap,,,12/08/2026 06:09
9f7eb7a7-ab24-412f-8d00-73d2d6611f74,keeled.style,available,7.98,49.98,medium,low,6,namecheap,,,11/08/2026 19:16
883136a1-2215-410b-a885-7026e58a22ca,faultless.style,available,7.98,49.98,high,low,9,namecheap,,,18/08/2026 00:05
e24e960f-faee-42e8-91c0-4a21c348d527,bunco.style,available,7.98,49.98,medium,low,5,namecheap,,,14/09/2026 07:59
4af44e25-843f-4dd3-b9b7-8e9a8265df57,winfred.style,available,7.98,49.98,medium,low,7,namecheap,,,19/09/2026 19:23
89571caa-7e1f-4ee7-a257-2fdde0795447,gravitational.style,available,16.99,38.99,medium,low,13,namesilo,,,29/09/2026 10:18
805f1e3b-610b-416f-aa45-17a5d6076ab2,replay.style,available,16.99,38.99,high,low,6,namesilo,,,17/09/2026 05:07
56252143-3384-4d67-9851-052132b03008,candied.style,available,7.98,49.98,high,low,7,namecheap,,,11/08/2026 16:48
286ff15c-be78-488b-93bb-c9a8378b105e,harmonize.style,available,16.99,38.99,high,low,9,namesilo,,,16/09/2026 22:54
85cba70b-d342-43b2-adae-d1207226038b,macquarie.style,available,7.17,32.21,high,low,9,dynadot,,,29/09/2026 09:16
fa74a266-55c1-48e6-82c5-c77c30d7d5ad,slangy.style,available,7.98,49.98,medium,low,6,namecheap,,,10/09/2026 09:59
663cfe7b-6ec6-48b3-9111-9317e9cdc2bc,ownerless.style,available,7.98,49.98,medium,low,9,namecheap,,,04/09/2026 22:18
f250d613-e89c-4a92-8999-42edab6e74a4,unplug.style,available,6.93,31.25,high,low,6,spaceship,,,29/09/2026 15:31
bd9b9348-e7ec-4ea0-aa31-e364f1b232fc,gramophone.style,available,16.99,38.99,high,low,10,namesilo,,,17/09/2026 02:30
0bbca33d-138d-4438-bb19-a639fe6346be,criticize.style,available,12.99,,high,low,9,name.com,,,
fcc35ce3-aa5c-431e-9414-481af480ad95,lacy.style,available,7.98,49.98,high,low,4,namecheap,,,22/08/2026 17:47
0992202a-2ac4-4550-8953-03c497ea3afb,converge.style,available,12.99,,high,low,8,name.com,,,
7a3c7778-386c-48d9-a740-5d9250f9029d,assemblages.style,available,16,,medium,low,11,unstoppable,,,29/09/2026 05:48
0aacf452-c0d5-4a19-a7d3-bc460c6e6e6d,existing.style,available,7.98,49.98,high,low,8,namecheap,,,24/09/2026 15:59
b46bff70-37c6-4cce-88e8-8dfb5aa80951,hermann.style,available,16.99,38.99,high,low,7,namesilo,,,20/09/2026 07:11
6154b1d4-f959-451f-bde6-ef1275fb41d6,paniculate.style,available,7.98,49.98,medium,low,10,namecheap,,,05/09/2026 01:01
e889060d-fcaf-45de-a556-f8114f988f05,distortion.style,available,7.98,49.98,high,low,10,namecheap,,,11/09/2026 21:55
df93ed9d-e7ee-47ca-9f05-ab4b9f886369,confidential.style,available,7.98,49.98,high,low,12,namecheap,,,27/09/2026 17:23
5f77df47-ff22-4130-8629-b02fc8ddddad,daydreams.style,available,7.98,49.98,medium,low,9,namecheap,,,19/09/2026 21:17
ab80578e-6e5f-4504-8953-295fd9d0375f,engorge.style,available,16.99,38.99,medium,low,7,namesilo,,,23/09/2026 17:25
d2982c1e-02e1-4998-8dae-507b6ea5285a,pudendal.style,available,7.98,49.98,medium,low,8,namecheap,,,09/09/2026 05:28
fa7b580e-feda-43d7-ba8b-9b6dea044d27,awing.style,available,7.98,49.98,medium,low,5,namecheap,,,08/08/2026 00:34
dd6f25b6-b7e9-4523-bd99-2f15c22c7bad,older.style,available,16.99,38.99,high,low,5,namesilo,,,21/09/2026 22:32
59aa213f-f401-459d-850c-0041afb0f156,winking.style,available,7.98,49.98,high,low,7,namecheap,,,10/08/2026 14:28
77f4b35c-7c4f-471f-9a75-ff08e52b9e4d,rile.style,available,16.99,38.99,medium,low,4,namesilo,,,29/09/2026 14:40
de63e42c-8d3c-435a-89e5-a019aa33f00c,lutecium.style,available,16.99,38.99,medium,low,8,namesilo,,,20/09/2026 23:39
d2b95c5f-b0a0-4942-980d-ed10dccacc68,untrusty.style,available,7.98,49.98,medium,low,8,namecheap,,,12/09/2026 21:46
bc99eb40-e44b-465c-9734-30e1c23ad6fe,isles.style,available,16.99,38.99,medium,low,5,namesilo,,,20/09/2026 01:00
14200dcb-765e-459a-97e2-60541b146d6b,unfortunate.style,available,7.98,49.98,medium,low,11,namecheap,,,26/09/2026 03:07
ddfcc009-c09b-451e-a038-6f237460ffc0,frizzly.style,available,7.98,49.98,medium,low,7,namecheap,,,18/08/2026 16:06
aad9841d-faa2-4284-a8a1-987f8779b42e,pen.style,premium,78.54,78.54,high,low,3,namesilo,,,27/09/2026 03:22
33755dd2-1c1a-40ab-8ea3-aa7be639c9da,dabbler.style,available,7.98,49.98,medium,low,7,namecheap,,,14/08/2026 07:42
b5b258b9-d2c6-483a-ba2e-1f7989464df1,underarm.style,available,7.98,49.98,high,low,8,namecheap,,,12/09/2026 07:21
1324d446-4484-43ed-a11a-173bf46531eb,nightclub.style,available,6.93,31.25,high,low,9,spaceship,,,29/09/2026 00:18
c1784ca0-6b41-4d03-a1aa-386d5473bb3b,rheumatism.style,available,16.99,38.99,medium,low,10,namesilo,,,21/09/2026 00:56
3e278095-b280-4d60-a404-f8bd98d02031,hollis.style,available,30.2,30.2,high,low,6,cloudflare,,,28/09/2026 07:30
270929a6-1660-48a1-b970-8fdd0a56d5bc,certificate.style,available,12.99,,high,low,11,name.com,,,
079bab59-9a9a-4109-b59a-23c56fb4ebaa,proportion.style,available,12.99,,high,low,10,name.com,,,
a9b5178b-02f4-4de7-bfb8-8e794303ef0c,conformist.style,available,7.98,49.98,medium,low,10,namecheap,,,12/08/2026 21:13
1b15943d-ec4a-4352-b1c8-862f23c0b4e4,mackey.style,available,7.98,49.98,medium,low,6,namecheap,,,29/09/2026 04:38
aac44bd1-4bd6-4c89-b4f0-896e929204f5,congenial.style,available,7.98,49.98,high,low,9,namecheap,,,12/08/2026 21:38
d46b4de5-42a6-48e3-92ae-6f4278024d56,cleavage.style,available,16.99,38.99,high,low,8,namesilo,,,24/09/2026 15:29
92c750aa-5aa5-46c7-ae0b-f56ebfe1252d,unassuming.style,available,16.99,38.99,high,low,10,namesilo,,,27/09/2026 13:26
c37a442e-2daf-4858-b93e-fc9cf32fb58a,college.style,premium,38.94,38.94,high,low,7,namesilo,,,29/09/2026 10:16
b3c6e72b-16d1-44fe-b297-825abdd466d1,bao.style,premium,,,high,low,3,,,,28/09/2026 21:38
fce89fb9-3f71-44e4-8e29-9a394298b552,dropped.style,available,7.98,49.98,high,low,7,namecheap,,,25/09/2026 20:16
a815aa27-fe42-4131-88cb-43155d4f723c,pals.style,available,16.99,38.99,high,low,4,namesilo,,,20/09/2026 10:42
ead915b6-fa12-4ad0-8f2b-80030b7c65c3,coyote.style,available,16,,high,low,6,unstoppable,,,28/09/2026 13:37
7b81b986-f684-48d6-8f62-fb9340ed7425,clearing.style,available,16.99,38.99,high,low,8,namesilo,,,24/09/2026 15:28
94027344-63a1-4319-a407-bb627e3fd664,diversely.style,available,7.98,49.98,medium,low,9,namecheap,,,14/09/2026 13:25
b5952f85-6476-4046-9238-ac974b1a013d,arundel.style,available,16.99,38.99,medium,low,7,namesilo,,,28/09/2026 12:04
0f41e9d3-253a-4e58-b8c9-63a21eb14239,patently.style,available,7.98,49.98,medium,low,8,namecheap,,,08/09/2026 20:24
fd64929f-9433-4eb9-9e69-593cc4aff16c,gallic.style,available,7.98,49.98,medium,low,6,namecheap,,,18/08/2026 15:02
badc747a-1120-4877-960b-5ae826078da1,monstrous.style,available,7.98,49.98,medium,low,9,namecheap,,,07/08/2026 14:47
83fea611-ddb3-445a-b3ad-90f73d1d7210,script.style,available,7.98,49.98,high,low,6,namecheap,,,08/09/2026 13:57
75ff7bda-c960-4271-a03d-5949b3fd8db6,elton.style,available,6.93,31.25,high,low,5,spaceship,,,27/09/2026 19:29
7f85822d-8dd0-4c67-a6c8-2ee2c892e3d0,proper.style,available,16.99,38.99,high,low,6,namesilo,,,27/09/2026 07:40
6bac2041-4c5d-497a-b135-f1190f9ab766,moderately.style,available,7.98,49.98,medium,low,10,namecheap,,,25/09/2026 12:00
15e6cf3f-0c28-4a8a-a084-febcc45a3ea7,reverting.style,available,7.98,49.98,high,low,9,namecheap,,,09/09/2026 15:58
8b3bf9e5-8200-42b1-9854-08ca5c1ed4f6,paid.style,available,7.98,49.98,high,low,4,namecheap,,,18/08/2026 19:32
0bb47550-b81c-4fea-9893-a2916ca5df8f,oily.style,available,7.98,49.98,medium,low,4,namecheap,,,11/08/2026 11:42
8cc06e77-2ec2-491e-b5a9-f12610675b6e,tendered.style,available,16.99,38.99,medium,low,8,namesilo,,,20/09/2026 16:36
da957aa8-f2f5-4844-9d19-56c6ae247ff2,atole.style,available,16.99,38.99,medium,low,5,namesilo,,,20/09/2026 21:52
137a957b-43d7-41b6-90b7-712b24cc5a66,pls.style,premium,46.2,46.2,high,low,3,namecheap,,,
9fcfea81-f204-41a8-bc97-96b42e8e08d6,budapest.style,premium,78.54,78.54,high,low,8,namesilo,,,29/09/2026 11:48
a5657d35-d02a-41e4-bda4-1dcb8bb30ec6,dreamily.style,available,7.98,49.98,medium,low,8,namecheap,,,14/09/2026 14:15
7b28af28-ae3e-46fe-99a7-34b1ade060c8,malabar.style,available,16,,high,low,7,unstoppable,,,29/09/2026 09:09
e5bea64d-7491-4dd7-8f4a-fd38b6af0136,stranger.style,available,12.99,,high,low,8,name.com,,,
dc5a0ca4-5906-4157-8512-818e73723765,unclaimed.style,available,7.98,49.98,medium,low,9,namecheap,,,12/09/2026 05:13
cf82581d-3be7-48fe-9446-039e30e05884,heading.style,available,16.99,38.99,high,low,7,namesilo,,,25/09/2026 07:40
c68664da-c7be-4cfc-a32b-ffd1e2435f7c,niobium.style,available,16.99,38.99,medium,low,7,namesilo,,,20/09/2026 23:04
ac531f8f-aa6c-42f5-b346-50ad93e7e6e5,crt.style,premium,36.3,36.3,high,low,3,dynadot,,,28/09/2026 18:38
c0680baf-7ba6-4362-bc46-29d887065d69,fittingly.style,available,7.98,49.98,medium,low,9,namecheap,,,13/09/2026 20:32
b8de134c-56dc-4bcc-b89a-a36421d7776f,streisand.style,available,16.99,38.99,high,low,9,namesilo,,,22/09/2026 05:03
457b23ec-80ea-4d7f-b4b1-b6811b2f56e7,soluble.style,available,7.98,49.98,high,low,7,namecheap,,,10/09/2026 13:45
2b3f5f0a-3cee-4ec8-82c9-b89f90d751c8,upraised.style,available,7.98,49.98,medium,low,8,namecheap,,,23/08/2026 01:53
313eeebc-572f-413e-b40e-da1306671ce3,percival.style,available,16.99,38.99,high,low,8,namesilo,,,28/09/2026 16:27
b7d5c37f-eadc-4784-a6f1-3a9fb6b215f3,terracotta.style,available,16.99,38.99,high,low,11,namesilo,,,17/09/2026 09:12
8588bc5b-5d98-4ccc-b27f-4c678f08d3de,dahl.style,available,16.99,38.99,high,low,4,namesilo,,,28/09/2026 09:14
f85bc2eb-2345-4b5f-8902-30db80a07997,bounty.style,available,16.99,38.99,high,low,6,namesilo,,,24/09/2026 07:35
17b9b3cc-f795-4dc9-a133-a3387d43efe2,pureblood.style,available,7.98,49.98,medium,low,9,namecheap,,,08/09/2026 13:00
1e399034-07f3-4786-8ad0-126c750d2fc9,truculent.style,available,7.98,49.98,medium,low,9,namecheap,,,11/09/2026 20:29
0680e3c8-03ef-4fec-937f-2bdc495b75e4,edith.style,premium,,,medium,low,5,,,,28/09/2026 16:20
cbb1500b-35de-4c4f-9cda-8e2d928881ac,advisable.style,available,7.98,49.98,high,low,9,namecheap,,,
67db9721-2eb7-4968-b42f-2aa4fae450c5,odour.style,available,16.99,38.99,high,low,5,namesilo,,,20/09/2026 08:26
b4d49ab7-837b-405e-a253-cbcd6d463891,pup.style,premium,38.94,38.94,high,low,3,namesilo,,,
f4665833-10dd-4727-aa6c-919e9529a398,thunder.style,available,30.2,30.2,high,low,7,cloudflare,,,27/09/2026 15:41
a3c7928a-307f-4f65-8514-359b3a7899a1,ascribe.style,available,7.98,49.98,high,low,7,namecheap,,,21/09/2026 02:19
2fefae11-ee47-456b-9b8f-dcbfe2902102,ruddy.style,available,7.98,49.98,high,low,5,namecheap,,,10/08/2026 14:59
5bde4547-5033-4c5f-a44a-db3825a81c39,sewer.style,available,16.99,38.99,high,low,5,namesilo,,,28/09/2026 15:19
99f3e2b0-24c5-42a9-8103-4f0a0838fe5c,lopez.style,available,16.99,38.99,high,low,5,namesilo,,,25/09/2026 12:44
52ff8083-9307-46cb-a7bf-7f078774ff21,equivocal.style,available,7.98,49.98,high,low,9,namecheap,,,
3c46efd8-9602-4b5a-89ec-29f6d580d8f4,woodward.style,available,7.21,31.41,high,low,8,porkbun,,,29/09/2026 06:07
42fa0c03-3935-45d2-a44d-1234feb29e9f,superstitious.style,available,16,,medium,low,13,unstoppable,,,29/09/2026 14:38
3826ea16-2f59-4630-a680-a4a54bdd0852,agnostic.style,available,7.98,49.98,high,low,8,namecheap,,,21/09/2026 23:11
9a924c6f-08f6-4f37-b3ec-a83e68f23c35,embryonic.style,available,7.98,49.98,medium,low,9,namecheap,,,16/08/2026 13:28
bad49967-abb2-4189-a11e-5af5d9fa0213,aggressor.style,available,16.99,38.99,medium,low,9,namesilo,,,17/09/2026 17:41
f7bf30aa-f76b-4c1b-81c9-f8997e328d97,poverty.style,available,16,,medium,low,7,unstoppable,,,29/09/2026 23:35
66307aa7-d03a-46ca-ba9a-cbb2790d8d47,macaulay.style,available,16,,medium,low,8,unstoppable,,,28/09/2026 14:12
98b9aa06-a494-44a9-87b3-554901234521,lengthwise.style,available,7.98,49.98,high,low,10,namecheap,,,22/08/2026 23:38
88d958d8-dcab-483f-b1df-316574b07736,lookout.style,available,16.99,38.99,high,low,7,namesilo,,,30/09/2026 03:15
398f940f-871a-4f7a-81b6-d301ce35acd1,supple.style,available,7.98,49.98,high,low,6,namecheap,,,23/08/2026 11:09
e30a809e-69ce-4f79-bb5e-3732a4a6a215,provision.style,available,12.99,,high,low,9,name.com,,,
d620e8f5-bc74-4f27-bdb4-0f05576d1cee,apneic.style,available,7.98,49.98,medium,low,6,namecheap,,,06/08/2026 00:40
9145a9ab-3fd7-4772-b1b3-2b6c41395cc2,elementary.style,available,7.98,49.98,high,low,10,namecheap,,,16/08/2026 03:31
9995824a-bd22-4494-933e-641a02b6904e,collapses.style,available,16.99,38.99,low,low,9,namesilo,,,20/09/2026 09:36
a541e05d-5bae-4853-8e78-939aefd36e47,tectonic.style,available,7.98,49.98,high,low,8,namecheap,,,06/08/2026 15:47
c3f8e9e5-7776-41a3-bff9-e2b38c54201d,festive.style,premium,118.8,118.8,high,low,7,namesilo,,,18/08/2026 02:14
abdf7fe4-b2e4-4e06-b785-2cb79223d1fb,brochure.style,available,16.99,38.99,high,low,8,namesilo,,,24/09/2026 07:07
46033ede-4ee7-4aa8-b63b-edc006282012,kearny.style,available,7.21,31.41,high,low,6,porkbun,,,29/09/2026 22:45
8f9d673e-9fd9-44f1-ab8a-1be3e7919cf8,stormed.style,available,7.98,49.98,medium,low,7,namecheap,,,20/09/2026 15:47
0738fefd-0480-4f8b-8029-57f4e0925ffe,arable.style,available,7.98,49.98,medium,low,6,namecheap,,,06/08/2026 11:14
6321e9bd-e6e2-40e5-9dd4-7e9ad646d22a,allice.style,available,16.99,38.99,medium,low,6,namesilo,,,18/09/2026 11:05
3e8918ab-9c9d-4faf-8ed4-f32297bbff99,lemony.style,available,7.98,49.98,high,low,6,namecheap,,,22/08/2026 23:24
47e282d3-82db-4d35-8c2f-aec1f442ce87,ascendable.style,available,7.98,49.98,medium,low,10,namecheap,,,07/08/2026 00:35
3a1e32b4-90bd-45d4-ac12-d3bea8b41e44,notability.style,available,7.98,49.98,high,low,10,namecheap,,,03/09/2026 22:04
5797767e-fb26-4c25-a70a-f828d2b284f2,napoleonic.style,available,7.98,49.98,medium,low,10,namecheap,,,03/09/2026 13:00
9ee72cb6-713c-44d6-8f23-a275754ecf29,coma.style,available,16.99,38.99,high,low,4,namesilo,,,25/09/2026 04:19
cbfc5d59-d7f0-4772-a694-67fda30e0532,erratum.style,available,7.98,49.98,medium,low,7,namecheap,,,24/08/2026 07:21
91426a74-4914-4973-9b57-674af071af02,dictatorship.style,available,7.21,31.41,high,low,12,porkbun,,,29/09/2026 14:18
fa47d1b0-b7c6-48ee-8f68-e44fc6fadd77,gallery.style,premium,78.54,78.54,high,low,7,namesilo,,,20/09/2026 09:55
4c7c9e0a-335d-490d-9611-fb69aa1de9f8,sextet.style,available,7.98,49.98,high,low,6,namecheap,,,
5656d9f9-b872-413c-a64e-e10b628f8159,dis.style,premium,85.8,85.8,high,low,3,namecheap,,,24/09/2026 22:25
2ffb656c-5c23-4789-ad9b-2f06a7fb659f,dawkins.style,available,30.2,30.2,medium,low,7,cloudflare,,,29/09/2026 15:39
bf2668b7-5fd0-432d-8912-ef2d6ea0b46d,print.style,resell,,,high,medium,5,"Sav.com, LLC",24/08/2026 16:43,24/08/2027 16:43,26/09/2026 08:20
3ec5c060-9005-4f7e-80bd-111349616887,subdued.style,available,7.98,49.98,medium,low,7,namecheap,,,14/08/2026 07:54
1baf3e8d-2901-47e1-91ce-e1b9752a5230,unlucky.style,available,7.98,49.98,medium,low,7,namecheap,,,21/08/2026 19:11
116c58fb-7209-4e4e-b5ce-48d07a47d4e9,stingless.style,available,7.98,49.98,medium,low,9,namecheap,,,10/09/2026 20:48
3b3424bf-a51c-4140-a5fe-e3f7d8441072,agrippina.style,available,7.98,49.98,medium,low,9,namecheap,,,17/09/2026 19:33
c825b96a-4c69-4212-8612-466ea74407bc,colon.style,available,16.99,38.99,high,low,5,namesilo,,,20/09/2026 15:16
ac07b888-7fd5-4647-b86e-89151bdec3e3,auditive.style,available,7.98,49.98,medium,low,8,namecheap,,,07/08/2026 16:49
a020b253-6e9f-4e30-8894-43a16d7c1b32,batman.style,available,16.99,38.99,high,low,6,namesilo,,,29/09/2026 01:33
8e536915-7d60-4e2d-881a-246c5f5b88ba,onslaught.style,available,16.99,38.99,medium,low,9,namesilo,,,21/09/2026 01:06
2d7e180b-5381-4366-8026-ff9439c6dc35,implying.style,available,12.99,,high,low,8,name.com,,,
7c31d7f0-cf24-4596-81af-fe976549ae65,orville.style,available,16.99,38.99,high,low,7,namesilo,,,29/09/2026 09:46
82214c8b-ff8e-46a1-9c5f-a55ae2f63855,birder.style,available,7.98,49.98,high,low,6,namecheap,,,23/09/2026 20:38
2dd25105-00f7-4710-a1d0-24bb310f01e0,betrayal.style,available,16.99,38.99,medium,low,8,namesilo,,,23/09/2026 11:24
0c00f0c8-6d04-4495-b448-765dfa24b1cc,bar.style,premium,128.7,128.7,high,low,3,namecheap,,,29/09/2026 01:04
33c72895-0af7-48f1-b166-2b6c91f3eff7,captious.style,available,7.98,49.98,medium,low,8,namecheap,,,11/08/2026 18:18
87b6671d-cb09-4594-ae60-46d1f6d810bd,skins.style,available,16.99,38.99,high,low,5,namesilo,,,29/09/2026 05:06
f9bf51cd-f1f0-406b-b2fd-77a363793ae4,slenderize.style,available,7.98,49.98,high,low,10,namecheap,,,10/09/2026 10:53
3f2384b8-ab3f-491f-8339-33b8e196b659,incapable.style,available,7.98,49.98,medium,low,9,namecheap,,,22/08/2026 00:49
76323acc-90c3-47bf-8baa-ff150f0bc61e,requester.style,available,7.98,49.98,medium,low,9,namecheap,,,11/09/2026 03:33
baae2c5b-c6b3-4b07-a96c-dd684e691ade,mughal.style,available,30.2,30.2,medium,low,6,cloudflare,,,28/09/2026 21:33
30d06158-c80d-454b-af52-44876d8d9c3f,anthill.style,available,16.99,38.99,high,low,7,namesilo,,,19/09/2026 13:26
d0b034ab-f874-4011-b241-9c09a955d98c,autoimmune.style,available,7.98,49.98,medium,low,10,namecheap,,,07/08/2026 20:32
c7206527-556f-4aec-811f-488dd6f03bea,abdominal.style,available,16.99,38.99,high,low,9,namesilo,,,21/09/2026 13:47
21b32689-9e33-4460-81c6-f1a55eb90247,covalent.style,available,7.98,49.98,high,low,8,namecheap,,,13/08/2026 04:03
df44e232-5a4d-4c0c-8900-1df66eaef1de,bindweed.style,available,16.99,38.99,medium,low,8,namesilo,,,23/09/2026 17:12
afaeda95-1801-4ada-8cc5-653f06c7acee,trujillo.style,available,7.17,32.21,medium,low,8,dynadot,,,28/09/2026 16:38
7306d202-4073-44c6-9996-a4924c5ea63e,gunrunner.style,available,16.99,38.99,medium,low,9,namesilo,,,20/09/2026 07:45
670629da-32ef-4ab8-ab48-1aef7c759388,fig.style,premium,36.3,36.3,high,low,3,dynadot,,,28/09/2026 19:43
445fd1a0-390b-473c-9a7e-476a7c3420f5,crabby.style,available,7.98,49.98,medium,low,6,namecheap,,,08/08/2026 07:43
ae52e5f1-c41d-480b-8088-a81d04fc584e,peafowl.style,available,7.98,49.98,high,low,7,namecheap,,,23/09/2026 20:05
c757985e-f7f3-484b-b086-6d04878c06e6,brazen.style,available,7.98,49.98,high,low,6,namecheap,,,11/08/2026 02:54
12ec32bc-e787-42c6-9162-8ac69611d563,allegiant.style,available,7.98,49.98,high,low,9,namecheap,,,
1842fe22-e348-42b3-88cd-e1c1f0322b40,laying.style,available,16.99,38.99,high,low,6,namesilo,,,25/09/2026 22:34
9726b35a-2048-4b13-8f43-1961bcc56b84,coloured.style,available,7.98,49.98,high,low,8,namecheap,,,22/09/2026 20:29
d0532476-5368-465a-8b13-e14ed16eeb04,amboy.style,available,30.2,30.2,medium,low,5,cloudflare,,,29/09/2026 21:41
eb18ae6c-e427-4b3c-9155-31245a2e4e78,byrd.style,available,7.98,49.98,high,low,4,namecheap,,,17/09/2026 08:47
01963957-e305-4fd7-a6bf-b49bca018294,stael.style,available,16.99,38.99,medium,low,5,namesilo,,,22/09/2026 07:38
f6feb714-8697-40f2-b9df-03e2c7bbdd9e,friendless.style,available,7.98,49.98,medium,low,10,namecheap,,,18/08/2026 15:33
0a5b0d26-e25f-408d-bfe3-704fc6885d89,integrity.style,available,16.99,38.99,high,medium,9,namesilo,,,27/09/2026 14:20
61ea6bb3-c8d7-4341-abb9-c9d5f5922e0a,disease.style,available,16,,high,low,7,unstoppable,,,29/09/2026 15:40
94851f83-2a9d-419b-88d4-06ea9a8c4953,nonwhite.style,available,12.99,50.99,medium,low,9,name.com,,,13/08/2026 18:06
5ea8e0d3-e7cc-4528-970c-14b66401c5e7,madman.style,available,7.98,49.98,high,low,6,namecheap,,,24/08/2026 11:20
ffadb25e-7e31-4fa2-8689-3305c171b9b7,eldest.style,available,7.98,49.98,high,low,6,namecheap,,,16/08/2026 02:19
2c298188-58e5-4df2-b8a9-4647987411ae,julien.style,available,7.21,31.41,high,low,6,porkbun,,,28/09/2026 03:56
1aa3d7fc-a368-4e28-8ba8-73feba19e6ad,looker.style,available,7.98,49.98,high,low,6,namecheap,,,22/08/2026 16:48
477b4f43-56e4-465d-880b-b1160617335c,mortified.style,available,7.98,49.98,medium,low,9,namecheap,,,18/08/2026 20:17
c0a9f729-4de0-471d-a304-828db2d2ddba,announcing.style,available,7.21,31.41,medium,low,10,porkbun,,,29/09/2026 05:34
b2b97c70-b14e-4865-a5fc-06ffe2e6e266,lxxxv.style,available,7.98,49.98,medium,low,5,namecheap,,,
2d16d2a9-e3a1-4472-ae14-770a4495b37a,ahriman.style,available,16.99,38.99,medium,low,7,namesilo,,,17/09/2026 20:33
2c32e267-b811-44c6-a63c-2c9496716da9,install.style,available,12.99,,high,low,7,name.com,,,
f512870c-a33f-43d1-af39-ebab3637704b,gouty.style,available,7.98,49.98,medium,low,5,namecheap,,,20/08/2026 17:18
61f9cb20-de37-46ba-bf46-7407bbeec3ba,nether.style,available,7.98,49.98,high,low,6,namecheap,,,12/08/2026 07:29
35bfe009-e8f4-48bc-a62b-368fba253ee7,terrell.style,available,6.93,31.25,medium,low,7,spaceship,,,28/09/2026 12:22
be52e5b1-dfba-4d22-a0b2-c2ca8886276b,realism.style,available,6.93,31.25,high,low,7,spaceship,,,29/09/2026 13:31
7e136320-0e08-4b08-9473-1f061959b2ce,adipose.style,available,7.98,49.98,medium,low,7,namecheap,,,
3d8824bd-dcac-44d3-9e3e-1e1dc773a123,parting.style,available,7.17,32.21,high,low,7,dynadot,,,29/09/2026 13:17
b4d38784-456f-44d7-a79e-b3046a926e74,sylvester.style,available,16.99,38.99,high,low,9,namesilo,,,29/09/2026 15:28
38b64d2c-8e45-4e67-853d-d38f4fc2b803,dextrous.style,available,7.98,49.98,high,low,8,namecheap,,,13/08/2026 23:53
a994dc5e-41c2-42f0-9de6-058e41b20291,aralia.style,available,7.98,49.98,medium,low,6,namecheap,,,19/09/2026 23:52
46d326bb-302b-465b-82fc-939b5d24427e,diazo.style,available,7.98,49.98,medium,low,5,namecheap,,,14/08/2026 06:23
74bbaf62-a0ab-468d-b960-546ea0b2769a,create.style,premium,118.8,118.8,high,medium,6,namesilo,,,19/09/2026 12:28
c6f23cd0-a130-4c7a-8e6d-9fa15c56b8bc,buena.style,available,6.93,31.25,medium,low,5,spaceship,,,27/09/2026 21:05
049b340d-b788-4bb0-92a7-01a59a135f19,meridional.style,available,7.98,49.98,medium,low,10,namecheap,,,24/08/2026 20:52
9092633c-66b1-404d-9a57-f5c7bd5cdc0d,augur.style,available,16.99,38.99,high,low,5,namesilo,,,21/09/2026 03:21
91c9fd7e-ba71-4507-b261-25e4d6b25538,saccade.style,available,7.98,49.98,medium,low,7,namecheap,,,22/08/2026 12:47
b54877d8-7c76-4857-81c6-11bf388fed13,resentful.style,available,7.98,49.98,medium,low,9,namecheap,,,09/09/2026 14:48
f41f857c-1a83-439e-a28e-aafdddbf0274,lingually.style,available,7.98,49.98,medium,low,9,namecheap,,,15/09/2026 12:28
23a78abf-08dc-4905-9ce2-5187c048e044,altruist.style,available,6.93,31.25,high,low,8,spaceship,,,28/09/2026 20:46
ffb71b78-8e81-4e5f-814e-7ec46e763981,twice.style,available,6.93,31.25,medium,low,5,spaceship,,,28/09/2026 14:37
d08cba48-db98-4d95-ab7a-9ee6ed9d03e9,sewing.style,available,6.93,31.25,high,low,6,spaceship,,,28/09/2026 10:54
15b2c245-89e1-4221-8dc1-333cf2695a4c,inglis.style,available,7.98,49.98,high,low,6,namecheap,,,29/09/2026 14:51
6f489182-0a8a-46dc-853f-748dc36be667,attacker.style,available,16.99,38.99,high,low,8,namesilo,,,17/09/2026 17:41
20533a23-bc39-462c-bed7-a774badc6446,stein.style,available,16.99,38.99,high,low,5,namesilo,,,23/09/2026 01:47
76b69aa6-4eff-465d-9ab1-743940066337,wilmot.style,available,6.93,31.25,medium,low,6,spaceship,,,29/09/2026 16:33
9d7639ef-563c-47f6-b8f8-bcfc5d5229ec,hiemal.style,available,7.98,49.98,medium,low,6,namecheap,,,11/08/2026 06:40
339dadc8-add6-4237-82ea-c8d746eeec09,comparison.style,available,16.99,38.99,high,low,10,namesilo,,,24/09/2026 16:42
37d910f5-fc47-456d-9603-a4f57beb0f4f,flameproof.style,available,7.98,49.98,high,low,10,namecheap,,,18/08/2026 06:28
17182c91-a5eb-4431-bc5d-c94de35dc2ab,brown.style,available,16.99,38.99,high,low,5,namesilo,,,23/09/2026 10:03
56041dc6-66e8-4c7b-9b66-254f8f1b8496,jennings.style,available,7.98,49.98,high,low,8,namecheap,,,25/09/2026 19:32
c605099f-9152-448a-b24c-4ae30869d6e9,internationally.style,available,12.99,,medium,low,15,name.com,,,
12638106-d8fc-4008-bd9d-3ed7d62ecf74,keyboards.style,available,16.99,38.99,medium,low,9,namesilo,,,20/09/2026 13:46
46b78e3c-a598-499e-92fa-518b6d1898eb,cashew.style,available,16.99,38.99,high,low,6,namesilo,,,19/09/2026 01:00
fc4e2edc-3eb3-456f-be92-933693ed8dd0,tia.style,premium,85.8,85.8,high,low,3,namecheap,,,29/09/2026 20:30
4ed8d27f-09c6-4e10-baba-be5e5756c7ca,meek.style,available,7.98,49.98,high,low,4,namecheap,,,24/08/2026 19:16
2d52e201-c91e-4ebc-ad75-c7aa092f8601,delivers.style,available,16.99,38.99,medium,low,8,namesilo,,,29/09/2026 10:50
35bcd473-6545-4706-99e9-70e7ebb57a61,panels.style,available,7.98,49.98,medium,low,6,namecheap,,,19/09/2026 23:14
dd4347bc-2385-4b9e-abd1-74a4b3868bb9,parliament.style,available,7.98,49.98,high,low,10,namecheap,,,29/09/2026 07:49
b7c966f0-6640-4a50-ba37-197b12d13e79,knocking.style,available,12.99,50.99,high,low,8,name.com,,,25/09/2026 08:51
3e438e8a-0c4c-4a97-9074-27e418be8df5,conquest.style,available,16,,high,low,8,unstoppable,,,29/09/2026 11:03
24b70e80-ce7e-4c64-9c6e-65818c5eb0e7,amyl.style,available,16.99,38.99,medium,low,4,namesilo,,,19/09/2026 00:29
dab691f7-dda7-4833-aa70-7d5cddbe957b,revenge.style,available,7.98,49.98,high,low,7,namecheap,,,25/09/2026 10:18
0c5ab8bc-2e2b-4e3c-87ab-67eed2785b4b,delirious.style,available,7.98,49.98,medium,low,9,namecheap,,,14/08/2026 00:44
85d8bf4a-0356-49e8-9ced-0380a083948d,haggai.style,available,16.99,38.99,medium,low,6,namesilo,,,17/09/2026 17:22
de7bf63f-9486-4abe-bc6d-dde618b55a8a,apology.style,available,7.98,49.98,high,low,7,namecheap,,,28/09/2026 21:41
6429933f-99be-4410-ba9f-1cd637c53542,idly.style,available,7.98,49.98,high,low,4,namecheap,,,15/09/2026 01:38
b81ea3fd-5499-447e-a0b4-bd7d343ac1c2,umbilical.style,available,7.98,49.98,high,low,9,namecheap,,,11/09/2026 23:00
0776b666-a014-4213-994e-120d1717bd4d,alumnus.style,available,7.98,49.98,high,low,7,namecheap,,,20/08/2026 17:42
b2e8fcfe-5b9a-44c4-82fa-2a4efb33d108,batfish.style,available,16.99,38.99,medium,low,7,namesilo,,,22/09/2026 13:14
37a66001-eda9-46c5-91a9-dd23c6dc952c,botchy.style,available,7.98,49.98,medium,low,6,namecheap,,,10/08/2026 20:53
5590d9c5-6e9b-4834-990b-b369934ebaee,weekends.style,available,16.99,38.99,high,low,8,namesilo,,,20/09/2026 22:23
2cd1527c-cbc9-4bfc-8f58-a893b4f40bfe,witnessed.style,available,16,,low,low,9,unstoppable,,,28/09/2026 08:47
a459498a-98c3-4ec5-a6a3-30ea11dc654c,antiproton.style,available,16.99,38.99,medium,low,10,namesilo,,,19/09/2026 15:01
4a49130c-8956-4098-bc60-5fa78576ba5e,treat.style,available,16.99,38.99,high,low,5,namesilo,,,24/09/2026 04:23
6a1399dc-6e85-4a71-92fb-d6c71c2b5a46,hours.style,available,30.2,30.2,high,low,5,cloudflare,,,29/09/2026 23:03
3f5bb858-3930-4445-baca-47d76fe64b38,rheologic.style,available,7.98,49.98,medium,low,9,namecheap,,,09/09/2026 16:35
fda18e0a-83c9-4c74-86d9-2fa275cdd8d2,ridley.style,available,16,,high,low,6,unstoppable,,,30/09/2026 02:43
4b7332a5-f55d-44df-963f-8656c7ce8538,avahi.style,available,16.99,38.99,medium,low,5,namesilo,,,21/09/2026 08:36
e9d8cc8b-5e8a-4555-b03d-d265c3be6247,lusaka.style,available,16.99,38.99,medium,low,6,namesilo,,,24/09/2026 12:35
6ff3ea77-2ef6-41c8-b00c-ff81b5752106,consumed.style,available,7.98,49.98,high,low,8,namecheap,,,28/09/2026 22:51
001c1674-cc8d-4015-85ba-578eaa7d8083,alces.style,available,16.99,38.99,high,low,5,namesilo,,,18/09/2026 03:55
cb2e0c4a-d152-409b-b80f-92ef242ad471,aaa.style,premium,38.94,38.94,high,medium,3,namesilo,,,28/09/2026 16:55
966d4ab8-4112-4ed0-8aad-8e21c42fc312,orthopedic.style,available,7.98,49.98,high,low,10,namecheap,,,04/09/2026 18:03
4025b179-eab4-4e84-84ea-7b273da93b4e,wes.style,premium,85.8,85.8,high,low,3,namecheap,,,26/09/2026 03:32
1e6e023f-fd9c-41f7-b888-f8b9a9b76867,salubrious.style,available,7.98,49.98,high,low,10,namecheap,,,20/08/2026 16:33
69ca04a2-d55d-45ec-a764-e29a1568a840,apoplectic.style,available,7.98,49.98,medium,low,10,namecheap,,,06/08/2026 03:29
28d58cc9-cd8b-4d0d-8377-c654e2fea6e8,finnish.style,available,7.98,49.98,high,low,7,namecheap,,,18/08/2026 05:03
a4927cd9-52b6-484f-9e08-8d4321cd68cb,accelerator.style,available,6.93,31.25,high,low,11,spaceship,,,28/09/2026 02:37
8df66fb1-2fad-46e8-9da7-a556e8a36e33,homosexuality.style,available,6.93,31.25,medium,low,13,spaceship,,,29/09/2026 10:16
524c10eb-7b39-4b2c-af7a-cc9f74d25259,coddle.style,available,16.99,38.99,high,low,6,namesilo,,,21/09/2026 13:03
79f2b194-af20-4433-9bd0-6ecfab76bbb0,hydrophobic.style,available,16.99,38.99,medium,low,11,namesilo,,,29/09/2026 08:39
ba681b09-fe32-4815-a6c3-79f01eb4a3aa,ombu.style,available,16.99,38.99,medium,low,4,namesilo,,,23/09/2026 05:53
3fc227d9-74f3-43b6-b075-f4d84b9522ed,pyramidic.style,available,7.98,49.98,medium,low,9,namecheap,,,09/09/2026 06:57
9db45550-1835-41f9-880c-5355db581c0e,hunan.style,available,7.98,49.98,medium,low,5,namecheap,,,28/09/2026 10:07
59cd8f6d-fd39-4ebb-a69b-b3c8d8a12d68,anthidium.style,available,16.99,38.99,medium,low,9,namesilo,,,19/09/2026 13:22
1fc6feca-5955-4654-84f0-2175971462fb,ebony.style,available,7.98,49.98,high,low,5,namecheap,,,14/08/2026 23:09
3563c8c7-85d8-4cf3-a3b5-c74bc4df436b,rides.style,available,7.98,49.98,high,low,5,namecheap,,,17/09/2026 06:42
00683fc7-006e-477f-ad77-c74a9b78e50a,leafed.style,available,7.98,49.98,medium,low,6,namecheap,,,22/08/2026 21:52
58570c62-7abd-46f4-80be-190f8d85a6da,attalea.style,available,16.99,38.99,medium,low,7,namesilo,,,21/09/2026 01:14
07650bf1-8489-459f-824c-3b09f2bb0134,aves.style,available,16.99,38.99,high,low,4,namesilo,,,21/09/2026 09:17
db560211-40b7-4215-96b8-31f6d4b40a21,persist.style,available,16,,high,low,7,unstoppable,,,30/09/2026 03:13
76b3f19b-88bd-4bf2-8dd6-9f25d6e9da06,clench.style,available,7.98,49.98,medium,low,6,namecheap,,,24/09/2026 15:33
d4781117-51b4-4291-89fe-26c7bd1af0f4,damian.style,available,16,,medium,low,6,unstoppable,,,28/09/2026 21:56
3bd003b6-9efb-490e-b04a-7801cfe93d36,stranded.style,available,12.99,50.99,high,low,8,name.com,,,25/09/2026 17:00
dcf64671-c5cb-4d9d-a6ea-5aca5fb20977,cityfied.style,available,7.98,49.98,medium,low,8,namecheap,,,12/08/2026 08:49
fb22030e-228d-4701-86ae-cc340bc6c319,erase.style,available,12.99,,high,low,5,name.com,,,
3e50c481-5bc0-4a13-bf8f-5eded44a204c,contorted.style,available,7.98,49.98,medium,low,9,namecheap,,,12/08/2026 23:22
a9ad08ec-4a5a-4339-9ef8-e9b80152127a,grudging.style,available,7.98,49.98,medium,low,8,namecheap,,,20/08/2026 20:31
db113f6c-077f-46a6-8627-734e769a4f5b,expedition.style,available,6.93,31.25,high,low,10,spaceship,,,29/09/2026 18:24
2d690511-96c2-4634-a48a-cf3f50913ee9,pochard.style,available,16.99,38.99,medium,low,7,namesilo,,,21/09/2026 10:48
c091d7bb-55a0-4a85-ae5e-1c46fe1b6ace,relationship.style,available,12.99,,high,low,12,name.com,,,
8c123175-bc88-4af7-a8d9-7308946603b8,offprint.style,available,7.98,49.98,medium,low,8,namecheap,,,10/09/2026 03:57
c99779e4-afe3-42e3-bf02-d80b803e5d2f,yum.style,premium,78.54,78.54,high,low,3,namesilo,,,
73f39ffe-23ec-4a34-834d-493bb5e68267,crumbly.style,available,7.98,49.98,medium,low,7,namecheap,,,13/08/2026 09:02
a6753da9-e8d1-4310-b1aa-7933921837f4,graphic.style,premium,102.67,102.67,high,low,7,spaceship,,,28/09/2026 05:58
677a0df6-3fd3-42b1-8629-b479333c304a,unquestionable.style,available,12.99,,medium,low,14,name.com,,,
ab46903e-f118-4384-b7f8-85e1065b8a22,catharsis.style,available,7.98,49.98,high,low,9,namecheap,,,16/09/2026 17:03
f849714e-3a1e-4413-9eb3-f78c6cbc0a1e,astrodome.style,available,16.99,38.99,medium,low,9,namesilo,,,20/09/2026 17:37
13bc0291-6ca3-4b7e-bf81-b7591b16d9e0,stowe.style,available,30.2,30.2,medium,low,5,cloudflare,,,28/09/2026 14:23
3be6291c-e423-425e-99eb-720458ea8d86,roxbury.style,available,16.99,38.99,medium,low,7,namesilo,,,28/09/2026 12:20
ca527e29-92b7-4568-83a1-7d94ddc9c943,thriller.style,available,16.99,38.99,high,low,8,namesilo,,,29/09/2026 14:04
c0c77581-06fa-46ea-a81e-133787fca43c,liverpool.style,premium,85.8,85.8,high,low,9,namecheap,,,29/09/2026 07:29
5e911209-8a00-4515-8aa6-75774c0a2e36,tumescent.style,available,7.98,49.98,medium,low,9,namecheap,,,22/08/2026 08:52
b70298b5-e89f-4a10-acd6-09071bbd9f0f,trailing.style,available,7.21,31.41,medium,low,8,porkbun,,,29/09/2026 02:21
b8962ad8-2ca3-491b-a238-d92e21a13464,pornographic.style,available,6.93,31.25,medium,low,12,spaceship,,,29/09/2026 20:53
1cd7a10d-8510-4d08-b0ce-a4bb2d9aa61f,aliyah.style,available,16.99,38.99,high,low,6,namesilo,,,18/09/2026 08:11
c03a0849-d5f2-45e0-8f68-7fe8e438e81a,sat.style,premium,118.8,118.8,high,low,3,namesilo,,,
b28dd049-ed9e-43dc-b526-6c045dd59069,respiratory.style,available,12.99,,high,low,11,name.com,,,
654e11b2-866a-489a-b99e-92673bed8c66,adenosine.style,available,16.99,38.99,medium,low,9,namesilo,,,17/09/2026 07:32
99b20a72-4a99-4eea-8336-2be5050f562c,poorer.style,available,16.99,38.99,low,low,6,namesilo,,,29/09/2026 23:56
4288a2ec-15b0-40c2-98ef-c6087a509aa9,megan.style,available,16.99,38.99,medium,low,5,namesilo,,,26/09/2026 03:31
0b33e95e-fdbe-4679-805f-3eb727c0edc8,enatic.style,available,7.98,49.98,medium,low,6,namecheap,,,16/08/2026 21:20
d389f947-eba0-4d8f-8100-2bf94429ae70,mev.style,premium,,,high,low,3,,,,29/09/2026 10:55
04a17e72-db10-4e04-ad33-e162dcf51274,wishfully.style,available,16.99,38.99,medium,low,9,namesilo,,,16/09/2026 11:32
33e91bdd-ae5c-4810-bc5f-a2c4ef666d22,buddha.style,available,16,,high,low,6,unstoppable,,,28/09/2026 05:20
d6b5fb28-c684-499f-94e9-c8f80be04de3,floaty.style,available,7.98,49.98,high,low,6,namecheap,,,11/08/2026 10:08
54495ac5-ac84-4842-b1eb-d1cb2a3d1c48,katrina.style,available,16.99,38.99,high,low,7,namesilo,,,29/09/2026 09:26
46035548-8aa4-4728-88d0-963e44187ab9,contraction.style,available,16.99,38.99,high,low,11,namesilo,,,29/09/2026 10:10
f7f35064-e7fa-4e0c-92c9-0a263bcf9fc6,auto.style,resell,,,high,medium,4,Dynadot Inc,16/10/2024 15:15,16/10/2027 15:15,28/09/2026 23:23
9aca1d59-692d-4690-a3e3-392e8049cd52,subalpine.style,available,7.98,49.98,medium,low,9,namecheap,,,
ee33b958-0ad4-4eb1-a002-978a19719961,overside.style,available,7.98,49.98,medium,low,8,namecheap,,,15/09/2026 18:29
48e6d423-9351-4fa7-b5e3-6661f84479f2,fare.style,available,7.98,49.98,high,low,4,namecheap,,,28/09/2026 05:41
55101ed2-e2f0-4b24-9c03-17eaa0a89009,unsworn.style,available,7.98,49.98,medium,low,7,namecheap,,,12/09/2026 20:53
276204e0-eec8-4639-9c28-e2934133d758,commercial.style,available,16.99,38.99,high,low,10,namesilo,,,27/09/2026 02:31
8a275cf3-6b26-4baa-a230-71a43c78131a,huey.style,available,6.93,31.25,high,low,4,spaceship,,,28/09/2026 21:17
a4610195-6916-43f8-9b47-b5e23eb470de,neuronic.style,available,7.98,49.98,medium,low,8,namecheap,,,03/09/2026 16:21
0be3821f-96f5-489d-a1b8-c7bbe5b777e9,critically.style,available,16,,medium,low,10,unstoppable,,,28/09/2026 14:26
34822b49-416c-4e4c-8450-e3b1d48a718c,hits.style,available,16.99,38.99,high,low,4,namesilo,,,19/09/2026 23:53
2361cff8-9bf9-47a6-9832-dd302b53685b,capturing.style,available,16.99,38.99,medium,low,9,namesilo,,,29/09/2026 16:31
04cb47ed-7b9f-4f8d-942c-b6d78b339555,habib.style,available,16.99,38.99,high,low,5,namesilo,,,29/09/2026 15:09
01298ae7-9ad7-406d-acc6-23bc3482fa81,chartreuse.style,available,7.98,49.98,medium,low,10,namecheap,,,12/08/2026 02:57
778866a4-5e3b-4ae5-9e89-81f536e795de,viewable.style,available,7.98,49.98,high,low,8,namecheap,,,13/09/2026 05:37
d7ebc813-71d6-4a20-9587-cc490ae6814c,increasing.style,available,16.99,38.99,high,low,10,namesilo,,,25/09/2026 08:12
2f33521e-494c-4e69-abff-6c8c33880714,libidinous.style,available,7.98,49.98,medium,low,10,namecheap,,,22/08/2026 20:09
1a0a4fda-1bc4-4cca-b6d3-2bf0b9399834,suits.style,available,16.99,38.99,high,low,5,namesilo,,,18/09/2026 12:41
a8c82001-9707-4c5d-8ee4-fb9c1f717218,tamarack.style,available,7.98,49.98,medium,low,8,namecheap,,,18/09/2026 20:18
6c987f99-a900-48ab-95ef-5baf9e7dfa8c,progress.style,available,7.98,49.98,high,low,8,namecheap,,,28/09/2026 20:21
fadd172e-4913-497e-b4b1-c7ccbb6dc443,toetoe.style,available,16.99,38.99,medium,low,6,namesilo,,,20/09/2026 12:22
5f8a98bc-e569-40a2-820e-d7de47e10179,ayatollah.style,available,16.99,38.99,high,low,9,namesilo,,,21/09/2026 10:36
93395c40-a88e-4106-9651-0647d8b50349,hurd.style,available,7.98,49.98,medium,low,4,namecheap,,,28/09/2026 22:24
3583b629-7a4a-448c-8b99-b4a4791b0e03,ambitious.style,available,16.99,38.99,high,low,9,namesilo,,,22/09/2026 03:59
e12e7cf2-ee36-4510-9c07-fdcef7a668f5,shady.style,available,7.98,49.98,high,low,5,namecheap,,,18/08/2026 09:37
26cb68de-dc94-4431-a53f-ba7d6383b098,perfection.style,available,16.99,38.99,high,low,10,namesilo,,,22/09/2026 22:03
9fdeaa17-dcb3-4e7b-9754-4616bb0b3d77,flank.style,available,16,,medium,low,5,unstoppable,,,28/09/2026 19:13
b054fda0-3a9d-4266-92f9-a36fb700da71,olefin.style,available,16.99,38.99,medium,low,6,namesilo,,,18/09/2026 08:30
2352f76a-06d5-4fa3-8109-b79de4d06f40,arguable.style,available,7.98,49.98,medium,low,8,namecheap,,,06/08/2026 18:32
7cc5e196-7b36-46fa-8f80-4be18cae467d,paean.style,available,7.98,49.98,high,low,5,namecheap,,,05/09/2026 00:45
94a9563e-ade9-46b6-9838-d815848adbbc,althaea.style,available,7.98,49.98,medium,low,7,namecheap,,,18/09/2026 14:53
07bffb44-ad4e-4e3b-b69a-319a588600c5,modestly.style,available,7.98,49.98,high,low,8,namecheap,,,15/09/2026 15:13
f47f3e6e-1032-47a1-b5ab-2a86bde87b09,cairo.style,premium,34.36,34.36,high,low,5,spaceship,,,28/09/2026 19:56
25b12cf9-6ab3-4cff-95da-2cdd041a8148,balsam.style,available,16.99,38.99,high,low,6,namesilo,,,22/09/2026 00:04
d7d680ed-be4b-4bf7-84ba-be7ec0742221,wednesday.style,available,7.98,49.98,high,low,9,namecheap,,,13/09/2026 09:32
ce47562d-dff4-4166-b30c-e161c7ee5cf7,tasks.style,available,12.99,,high,low,5,name.com,,,
317c1d8b-a0f7-4866-8d2c-450d6dcc7d28,fascism.style,available,16.99,38.99,medium,low,7,namesilo,,,30/09/2026 01:35
9ec7b828-646a-4998-b447-de6bb4125342,organismic.style,available,7.98,49.98,medium,low,10,namecheap,,,04/09/2026 17:49
91717356-cab8-45a0-8ecb-0383fb70ede4,brushing.style,available,30.2,30.2,high,low,8,cloudflare,,,29/09/2026 04:50
9c00e12c-8124-497f-9424-2b827b9643ff,angolan.style,premium,38.94,38.94,high,low,7,namesilo,,,
bf89e8e3-996b-4fe7-a757-867f25037c14,rippled.style,available,7.98,49.98,medium,low,7,namecheap,,,13/08/2026 06:53
c725ebeb-d60f-42a6-90dc-978a1449e508,balletic.style,available,7.98,49.98,high,low,8,namecheap,,,08/08/2026 10:26
422596ae-33cc-4be6-88e7-a186b20722b1,vegetation.style,available,16.99,38.99,high,low,10,namesilo,,,29/09/2026 11:45
3a94f5a5-19e3-464d-a745-a197900ff40b,donnish.style,available,7.98,49.98,low,low,7,namecheap,,,14/08/2026 15:53
1e5d306a-bc7a-4b9c-a099-54c27599faf5,whisking.style,available,12.99,,high,low,8,name.com,,,
58d62462-039f-4806-84cc-92017bb250dd,rock.style,premium,207.2,207.2,high,low,4,spaceship,,,28/09/2026 00:59
c334851d-2e29-4e5e-96ee-870441103483,tactless.style,available,7.98,49.98,medium,low,8,namecheap,,,11/09/2026 07:02
206ebde9-4e44-4fea-9e2d-deeca90b18da,rentable.style,available,7.98,49.98,high,low,8,namecheap,,,09/09/2026 14:16
dbdd0ba2-4a7e-4b5d-9041-1d298bca568b,obliquity.style,available,7.98,49.98,medium,low,9,namecheap,,,20/09/2026 18:47
e8367dc1-0f92-419b-abce-b3d852838cd4,ritually.style,available,7.98,49.98,medium,low,8,namecheap,,,15/09/2026 23:55
f2298895-2835-476a-bcf2-be93b82a04e0,lighter.style,available,16.99,38.99,high,low,7,namesilo,,,22/09/2026 05:44
0219a1ae-da8a-4229-b072-98ab710bfe07,adige.style,available,16.99,38.99,medium,low,5,namesilo,,,17/09/2026 08:16
6262eb71-8d21-4325-a5b5-a5d384e9719b,stemless.style,available,7.98,49.98,medium,low,8,namecheap,,,
cf000ce0-4f8a-47f9-a6c1-7c877b998e3d,words.style,resell,,,high,low,5,"GoDaddy.com, LLC",26/12/2022 10:19,26/12/2026 10:19,26/09/2026 10:13
fad0b24a-ef44-4ff4-a38e-c949ef73b9f3,charming.style,premium,118.8,118.8,high,low,8,namesilo,,,12/08/2026 02:36
84c8d6ee-1096-4de6-99c1-fec3244364d8,obsessive.style,available,7.98,49.98,high,low,9,namecheap,,,25/09/2026 23:45
c4458094-6f59-4b04-8b03-f849776c7607,ramble.style,available,7.98,49.98,high,low,6,namecheap,,,10/09/2026 22:10
52a032a8-f785-42bc-a786-0884572eb64b,enumerate.style,available,7.98,49.98,medium,low,9,namecheap,,,03/09/2026 22:58
bcc9b902-d0c8-4f50-93b7-2008b8eee233,benzine.style,available,16.99,38.99,high,low,7,namesilo,,,23/09/2026 08:53
45a7d96f-ee86-43ca-8774-ab3d193894a0,inscription.style,available,6.93,31.25,high,low,11,spaceship,,,29/09/2026 15:57
dbb430db-78c9-404a-b341-635b27706923,aluminous.style,available,7.98,49.98,medium,low,9,namecheap,,,
7c2ce502-c5a3-4f8b-8c69-e02c325b3439,unsullied.style,available,7.98,49.98,medium,low,9,namecheap,,,10/09/2026 18:19
0977ab1a-744e-4afb-ade9-79adcd982f0f,unification.style,available,7.21,31.41,high,low,11,porkbun,,,30/09/2026 00:02
b825af56-ea27-4cb1-ac74-28356229d884,punily.style,available,7.98,49.98,low,low,6,namecheap,,,15/09/2026 22:01
1e99b8c8-c0b1-4eba-93b5-5ebab859945a,mistaken.style,available,7.98,49.98,medium,low,8,namecheap,,,25/08/2026 01:52
a1ae4510-18d9-4cbd-a070-a90bf2833aa0,crossways.style,available,7.98,49.98,medium,low,9,namecheap,,,14/09/2026 09:48
820e8a2b-5001-4673-8ffd-e3ae03094203,livid.style,available,7.98,49.98,medium,low,5,namecheap,,,07/08/2026 02:24
3e133a99-4148-4000-9cff-c628ed4d90a0,merging.style,available,7.98,49.98,high,low,7,namecheap,,,24/08/2026 20:43
abe38dfc-be39-4677-870d-436362700c1f,parking.style,available,16.99,38.99,high,low,7,namesilo,,,25/09/2026 23:56
ee749458-b299-4d19-92bf-98d4796f4b7c,barometer.style,available,16.99,38.99,high,low,9,namesilo,,,22/09/2026 07:00
4da1cafe-e0c5-415e-a3c2-1f0dee7bbbd7,colonized.style,available,7.98,49.98,medium,low,9,namecheap,,,12/08/2026 17:23
d25456e0-15cd-46da-8adf-4a0a488988a8,yucky.style,available,7.98,49.98,medium,low,5,namecheap,,,14/08/2026 10:51
d9120ab8-9691-445d-a1a8-0e20b0cfa004,turf.style,available,16,,high,low,4,unstoppable,,,28/09/2026 05:54
d95a13c8-39ec-47d2-9ca4-c8d518b3921d,livy.style,available,7.17,32.21,medium,low,4,dynadot,,,29/09/2026 13:19
efe2b813-20d9-40af-83ae-6058570e443c,tod.style,premium,38.94,38.94,high,low,3,namesilo,,,11/09/2026 16:39
660028f8-eaa4-434c-91ad-9572f37ff532,vein.style,available,12.99,,high,low,4,name.com,,,
b8944dd8-aef0-4402-b3de-c29fad320596,erratic.style,available,7.98,49.98,high,low,7,namecheap,,,17/08/2026 12:46
a276f02d-abbd-493d-97d9-f59611469df8,tawny.style,available,7.98,49.98,high,low,5,namecheap,,,11/09/2026 09:19
75ca4a41-bb14-4801-af64-ca979dd9224b,sites.style,available,7.98,49.98,high,low,5,namecheap,,,18/09/2026 21:00
7b0bf314-b22e-4c37-9678-3ae2c24bd281,fop.style,premium,82.5,82.5,high,low,3,name.com,,,13/08/2026 17:09
34bbf0c6-d009-4b02-a2b4-98a265b95777,ascus.style,available,16.99,38.99,medium,low,5,namesilo,,,20/09/2026 13:28
f72c7d73-4909-4f8e-bd62-b0da0333b0d4,humanitarian.style,available,7.17,32.21,high,low,12,dynadot,,,28/09/2026 21:16
903917ac-158d-402e-bf57-6a2ab0cdd3d3,uncanny.style,available,7.98,49.98,high,low,7,namecheap,,,16/08/2026 02:23
9a5f0e87-c627-4ecf-847b-aabb85856cf9,sinuous.style,available,7.98,49.98,high,low,7,namecheap,,,10/09/2026 08:38
beaacda1-56dc-4d8d-b394-c31e1e28dc96,wideband.style,available,7.98,49.98,high,low,8,namecheap,,,13/09/2026 11:50
cb84a77c-05d0-4f05-b872-9eca780e8662,traveling.style,available,12.99,,high,low,9,name.com,,,
e7493aeb-e2ad-4f38-b118-b286a7e92104,apricot.style,available,16.99,38.99,high,low,7,namesilo,,,19/09/2026 22:31
4249375e-185c-44d0-86a8-dc6861238859,sidewalks.style,available,16.99,38.99,medium,low,9,namesilo,,,21/09/2026 06:21
893bea66-90af-4a8e-8d97-0cbc7f301249,says.style,available,7.98,49.98,medium,low,4,namecheap,,,
cd9e560e-3cb3-4082-993e-f9631823591e,pantie.style,available,7.98,49.98,high,low,6,namecheap,,,09/09/2026 22:40
5f0d5b56-cfc6-4a2f-a560-23d48dd9fc20,agone.style,available,7.98,49.98,medium,low,5,namecheap,,,
ebc4e14b-b7f6-47f1-bed8-98e1b2672991,semen.style,available,7.98,49.98,medium,low,5,namecheap,,,29/09/2026 18:24
35d30e9c-edce-4704-babf-f14ac858eeee,triclinic.style,available,7.98,49.98,medium,low,9,namecheap,,,
b8f3a8a3-b70c-4e9d-9746-ca67d247b32f,irt.style,premium,68.51,68.51,low,low,3,spaceship,,,29/09/2026 03:54
cfb8d3a4-5dde-4dc8-9001-2f0dd41c7331,conclusive.style,available,7.98,49.98,high,low,10,namecheap,,,23/09/2026 19:11
a75432f0-d485-493a-86e4-398e3958163a,pearce.style,available,30.2,30.2,high,low,6,cloudflare,,,29/09/2026 15:07
a41ca9b0-0d9c-41a9-845f-57ddf019372f,ecosystem.style,available,16.99,38.99,high,low,9,namesilo,,,28/09/2026 02:43
16d39239-913b-43e2-a0b0-c53757647693,aquiline.style,available,7.98,49.98,medium,low,8,namecheap,,,06/08/2026 11:01
0d5e8072-2dc9-46d1-914e-aae2b6bd3cc4,blackmailing.style,available,12.99,,medium,low,12,name.com,,,
5e4649c6-76ff-4ee0-a0c7-f87e630ab303,origin.style,available,7.98,49.98,high,low,6,namecheap,,,08/09/2026 13:23
43d0d394-4527-43fc-98ae-fa6000e6693d,spreads.style,available,16.99,38.99,medium,low,7,namesilo,,,29/09/2026 11:29
b90f07f5-4f4d-4c43-a3a7-7bb5cfabbb60,toxic.style,available,16,,high,low,5,unstoppable,,,28/09/2026 09:26
b23d7372-7668-48f9-bddd-c680aba54a79,assistant.style,available,7.17,32.21,high,low,9,dynadot,,,29/09/2026 09:56
f7f69f5e-458e-433a-9b65-3841cd526c44,margot.style,available,16,,high,low,6,unstoppable,,,28/09/2026 21:14
60047d2a-f1a8-4eaf-9539-c672aa02081f,widget.style,available,16.99,38.99,high,low,6,namesilo,,,19/09/2026 21:50
b810a647-e111-479e-84b4-c5fd476cbe57,athanor.style,available,7.98,49.98,medium,low,7,namecheap,,,20/09/2026 20:28
0e0c6b6d-ff05-4921-a08a-d4bfdb35d33c,unthankful.style,available,7.98,49.98,medium,low,10,namecheap,,,11/09/2026 12:29
7d95aa5e-afb3-48a0-a9a6-78e3e6eccbe3,semisoft.style,available,7.98,49.98,medium,low,8,namecheap,,,10/09/2026 03:24
613169c8-d067-48c1-ae3d-52d79d834aed,duet.style,available,16,,high,low,4,unstoppable,,,29/09/2026 18:31
5d400caa-5871-4341-869f-30cf4927722d,majors.style,available,16.99,38.99,high,low,6,namesilo,,,23/09/2026 14:46
1974f5fe-a5c7-4da3-b574-97b7e719509a,defiled.style,available,7.98,49.98,medium,low,7,namecheap,,,13/08/2026 23:24
5cee6a04-2d85-415a-88fa-e46879f963d8,darned.style,available,7.98,49.98,medium,low,6,namecheap,,,10/08/2026 12:41
cbc9636a-3af4-436a-93d9-69bce8cd7ac9,tended.style,available,7.98,49.98,medium,low,6,namecheap,,,18/09/2026 22:30
cc377bcc-eb6c-40b2-a830-bb6f8e400317,heavyset.style,available,7.98,49.98,medium,low,8,namecheap,,,21/08/2026 05:31
2624456b-ef9e-4eb2-9fea-573fdd50b018,unmerciful.style,available,7.98,49.98,medium,low,10,namecheap,,,24/08/2026 20:38
58d72672-8b7f-4d0e-960e-3944d63d2c3b,cursorial.style,available,7.98,49.98,medium,low,9,namecheap,,,13/08/2026 11:40
8c40a3c1-a673-4e43-a796-e389858b657a,seventy.style,available,7.98,49.98,high,low,7,namecheap,,,
e1262d1d-9b54-43a0-9c0f-166cf9be2484,ina.style,premium,72.6,72.6,high,low,3,dynadot,,,28/09/2026 04:04
fc4eae97-6da4-41ee-85d5-240bdfd570df,loyalist.style,available,7.98,49.98,high,low,8,namecheap,,,10/09/2026 18:31
3df2bb53-d21a-4d78-9019-2aacd16148c7,announces.style,available,16.99,38.99,medium,low,9,namesilo,,,21/09/2026 01:47
5d8c3b2e-9e4c-4b55-957c-273c3288c76e,altering.style,available,16.99,38.99,high,low,8,namesilo,,,18/09/2026 14:47
1bcc450e-079c-4437-a2b9-512470967cf8,underway.style,available,7.98,49.98,high,low,8,namecheap,,,12/09/2026 07:42
84ac9f5a-92f1-464a-a8c4-217b6f1d24ac,racy.style,available,7.98,49.98,high,low,4,namecheap,,,18/08/2026 18:00
bad2514e-77c2-4fea-9755-4ef26e19ff22,temptation.style,available,16,,high,low,10,unstoppable,,,28/09/2026 09:41
9f3f4ca1-e6f4-44df-a8b0-32e6c627ad72,aunty.style,available,7.98,49.98,high,low,5,namecheap,,,21/09/2026 04:13
5eca55f3-e52e-4e66-a7a8-c65f164cfcea,tympanic.style,available,7.98,49.98,medium,low,8,namecheap,,,11/09/2026 22:25
2ad08bd8-b7c8-4bda-a667-0d39a395857a,effort.style,available,7.98,49.98,high,low,6,namecheap,,,28/09/2026 05:04
9708c887-2bf6-4232-8276-48f9314c771d,dee.style,premium,78.54,78.54,high,low,3,namesilo,,,28/09/2026 03:28
aff1c369-78ee-4ae3-8356-d639cb1839f6,sampson.style,available,16.99,38.99,medium,low,7,namesilo,,,27/09/2026 01:42
d4527d13-8fe1-4f7d-b740-b3d26481105c,altruistic.style,available,16.99,38.99,high,low,10,namesilo,,,22/09/2026 02:48
5e526fe2-9261-4b1d-8988-64a7a7e6eed0,ageratum.style,available,16.99,38.99,medium,low,8,namesilo,,,17/09/2026 17:22
2d1567e5-cbd9-4981-b51e-c11ffdd02d10,webby.style,available,7.98,49.98,high,low,5,namecheap,,,03/09/2026 16:08
22535504-7413-4434-96f3-7a36794fc0ca,average.style,available,16.99,38.99,high,low,7,namesilo,,,22/09/2026 14:28
1f856f09-0504-420f-a2ad-6b9a2c2f8cea,hopper.style,available,16.99,38.99,high,low,6,namesilo,,,28/09/2026 09:55
33bb5ddd-9cc4-4e0d-bf2e-487249a684fd,biscuit.style,available,7.98,49.98,high,low,7,namecheap,,,23/09/2026 21:32
30ddbb27-4d9c-476c-8692-cc1eab75b591,grate.style,available,7.98,49.98,high,low,5,namecheap,,,20/08/2026 18:33
f6f1a7fa-7942-4dc7-9729-5a411d686896,confusing.style,available,7.98,49.98,high,low,9,namecheap,,,23/09/2026 20:14
e18b555f-0e80-4360-93d7-b9cd30d86a0d,variously.style,available,7.98,49.98,medium,low,9,namecheap,,,14/09/2026 13:23
d5266beb-f9b8-4752-a8ae-8a44ff4fede2,lxxvii.style,available,7.98,49.98,medium,low,6,namecheap,,,
664edd7f-4752-4213-b358-50d7f661c8f9,hindenburg.style,available,7.17,32.21,medium,low,10,dynadot,,,29/09/2026 19:09
45e7abea-6930-4c23-9f58-453af489a7e3,mason.style,available,16.99,38.99,high,low,5,namesilo,,,16/09/2026 12:59
0ee6efc0-6dee-4ca8-97cf-49380d9aaa5d,expectable.style,available,7.98,49.98,medium,low,10,namecheap,,,17/08/2026 18:02
ab1b11d0-9d59-44e1-8a4a-25eb800b7567,bunghole.style,available,16.99,38.99,medium,low,8,namesilo,,,20/09/2026 09:34
13f9de55-9749-4de9-bf2d-755a92520760,yearlong.style,available,7.98,49.98,medium,low,8,namecheap,,,13/09/2026 14:24
240feb37-1c0d-4180-84b8-a00bd925f24b,jia.style,premium,33.5,,high,low,3,unstoppable,,,29/09/2026 22:43
63916283-230f-4f83-ba2a-271fa67cea93,baguette.style,available,16.99,38.99,high,low,8,namesilo,,,29/09/2026 00:33
155d1ec8-ccaa-4157-a304-5a79c670fe15,oft.style,premium,42.9,42.9,high,low,3,namecheap,,,14/09/2026 20:06
3bc2fccd-f6ee-4b87-9013-a03f9d1c3321,lighting.style,premium,68.51,68.51,high,low,8,spaceship,,,27/09/2026 14:44
a09c7149-f20b-4332-87a4-3ff94a214b85,samurai.style,available,6.93,31.25,high,low,7,spaceship,,,29/09/2026 20:16
d3e785ac-f299-4b97-8188-625d5102453c,idol.style,available,16.99,38.99,high,low,4,namesilo,,,22/09/2026 22:03
e22ff6a0-27c6-44a3-9e59-1590136fe1e9,alopex.style,available,16.99,38.99,medium,low,6,namesilo,,,18/09/2026 13:19
0d95ae6b-3a71-473c-8014-15046470b462,effectively.style,available,12.99,,high,low,11,name.com,,,
3b7ba95e-5dfc-4c07-a726-a0c7db3c09ac,clap.style,available,16.99,38.99,high,low,4,namesilo,,,29/09/2026 09:38
edddbe56-47ca-4194-a90b-548810aab483,paprika.style,available,12.99,50.99,high,low,7,name.com,,,23/09/2026 05:39
dcac4bb5-098e-40a9-baab-0ebc6e1adc6f,encourage.style,available,12.99,,high,low,9,name.com,,,
ba523a92-1109-4c40-8781-c458c30973b6,hairbrush.style,available,12.99,,high,low,10,name.com,,,
a066e39d-82af-43f7-8b55-0c547b5d5601,error.style,available,16.99,38.99,high,low,5,namesilo,,,24/09/2026 16:56
83b1c3fe-a0bc-4d8e-ad7f-612fbcd10818,apse.style,available,16.99,38.99,high,low,4,namesilo,,,19/09/2026 22:33
4b2054c1-7b2e-40ee-bc3c-63fdb9106fe1,traveled.style,available,16.99,38.99,high,low,8,namesilo,,,28/09/2026 09:30
39f98741-20f6-480e-a4c5-0e2bf588a600,proclaim.style,available,12.99,,high,low,8,name.com,,,
00cb73d9-856f-45cc-9318-6a9074cdf44b,feminist.style,available,7.98,49.98,high,low,8,namecheap,,,18/08/2026 01:02
b80776b0-cac4-4540-8dbb-35622d333f4b,ngc.style,premium,66.5,,medium,low,3,unstoppable,,,28/09/2026 13:16
660760c6-5c74-4987-9c47-6c41e16365e6,strict.style,available,7.98,49.98,medium,low,6,namecheap,,,21/08/2026 00:17
ab9da826-39e8-4d80-8f0e-a5dd1e465ecd,hamas.style,available,16.99,38.99,medium,low,5,namesilo,,,28/09/2026 09:59
7aa42592-d25d-48ae-8ea6-2a8a4423c77c,smithsonian.style,available,16.99,38.99,high,low,11,namesilo,,,25/09/2026 12:40
d28fab73-8665-4885-91ec-651e7128cf84,sensing.style,available,30.2,30.2,high,low,7,cloudflare,,,29/09/2026 14:15
548abf0d-788e-4f50-82e6-1cd06657981f,lopsided.style,available,7.98,49.98,medium,low,8,namecheap,,,07/08/2026 03:41
bc90e55b-9e61-4387-9556-cafbe8af99f7,bassine.style,available,16.99,38.99,medium,low,7,namesilo,,,22/09/2026 12:22
faf6b3c4-4260-4b41-b1cf-10516394a9c4,reconsider.style,available,6.93,31.25,high,low,10,spaceship,,,28/09/2026 20:52
fe78e5a7-6f17-42f7-a981-9d484c7b83df,stewart.style,available,7.17,32.21,high,low,7,dynadot,,,29/09/2026 17:05
798ef0ce-1484-46e2-9bf5-b559437120fa,lips.style,available,12.99,,high,low,4,name.com,,,
b817a251-f621-4be4-8d8a-a40f7017f3f3,item.style,available,6.93,31.25,high,low,4,spaceship,,,28/09/2026 09:23
bd9bab9d-c566-4bf1-8061-8cbaf05cec01,dished.style,available,7.98,49.98,medium,low,6,namecheap,,,14/08/2026 10:52
a1152d82-35c2-42bc-8acf-8a796d532e02,becalmed.style,available,7.98,49.98,medium,low,8,namecheap,,,09/08/2026 06:03
0963256e-615f-49f4-841b-69795f2b64f7,coordinate.style,available,7.98,49.98,high,low,10,namecheap,,,08/09/2026 03:35
1909bd9e-2042-4d74-bac0-8e93fd9854a7,grad.style,available,7.98,49.98,high,low,4,namecheap,,,20/08/2026 17:53
3b53c663-fd18-4bfe-bdbc-acf92b5c7be4,triplex.style,available,7.98,49.98,medium,low,7,namecheap,,,11/09/2026 11:51
0cce5e4a-d04a-41be-be5d-b269c5965adc,bethel.style,available,16.99,38.99,medium,low,6,namesilo,,,23/09/2026 11:13
1c8bbb5d-9760-45b9-ac4a-a0c9f3cf08cd,ivor.style,available,7.17,32.21,high,low,4,dynadot,,,29/09/2026 22:08
dc654cbc-1073-4fb5-bfa7-d9230a6404fc,feed.style,available,16.99,38.99,high,low,4,namesilo,,,25/09/2026 05:56
1bf1ba0c-22de-4b2a-b3c9-37448f84bcf7,saccharine.style,available,7.98,49.98,medium,low,10,namecheap,,,12/08/2026 12:48
2c0a9bc8-73b1-4733-a114-f357db46516d,oriole.style,available,7.98,49.98,high,low,6,namecheap,,,18/09/2026 20:26
39e2a89b-e719-42ce-94f8-b5e5a1219862,assay.style,available,16.99,38.99,high,low,5,namesilo,,,20/09/2026 15:54
0656b1a7-cdcf-4497-9264-c3cbd2ef0cfd,alkane.style,available,16.99,38.99,medium,low,6,namesilo,,,18/09/2026 08:24
7380d05d-1059-46f4-a8ee-5d6c083f22a4,antibody.style,available,7.98,49.98,high,low,8,namecheap,,,19/09/2026 14:14
1fcac3a1-2cc6-4483-91a0-4159371e850d,patronize.style,available,7.98,49.98,high,low,9,namecheap,,,18/08/2026 15:08
7f1a7897-feef-4b65-a636-d3b911a38300,mitigated.style,available,7.98,49.98,medium,low,9,namecheap,,,25/08/2026 02:06
f13486b9-0945-4a25-94df-d9838f12113e,imposed.style,available,7.98,49.98,medium,low,7,namecheap,,,21/08/2026 22:50
cebc9a90-f663-44d7-b724-8b832132772d,grabs.style,available,7.17,32.21,medium,low,5,dynadot,,,29/09/2026 11:38
cd528674-294b-4371-b3d1-52d7124b3344,spousal.style,available,7.98,49.98,high,low,7,namecheap,,,11/08/2026 03:56
f4e50c0f-5550-45f6-93c3-ff1325e785ad,constant.style,available,7.98,49.98,high,low,8,namecheap,,,11/08/2026 23:02
45c4c20b-96e4-493f-9cad-3db65edef0c3,suffering.style,available,7.98,49.98,high,low,9,namecheap,,,25/08/2026 01:27
2af6415b-a9c5-4f62-af7d-c7a3d4b58b1e,leathery.style,available,7.98,49.98,medium,low,8,namecheap,,,13/08/2026 01:13
d57911d4-d5f2-4346-a391-fda019a34f96,resolvable.style,available,16.99,38.99,high,low,10,namesilo,,,27/09/2026 12:20
680f4944-3387-44ce-8a6b-ff219f848ca1,autistic.style,available,7.98,49.98,high,low,8,namecheap,,,07/08/2026 19:22
fe7808e4-f20a-4dc1-9762-604c6c19433a,transeunt.style,available,7.98,49.98,medium,low,9,namecheap,,,11/09/2026 18:53
c00f5ff6-0aed-4b33-83a9-322054ab10c4,bawling.style,available,7.98,49.98,medium,low,7,namecheap,,,13/09/2026 07:42
242b5290-3c16-4826-b878-6cae730f2147,bug.style,premium,78.54,78.54,high,low,3,namesilo,,,29/09/2026 00:24
3846e058-6419-4795-b2d1-454584ea6b80,coughing.style,available,7.98,49.98,medium,low,8,namecheap,,,29/09/2026 18:29
aa519031-249a-4028-8da1-60f7c05a459e,unbeatable.style,available,16.99,38.99,high,low,10,namesilo,,,25/09/2026 11:12
f76f57c2-792c-4ced-8f25-c97381ad4cfe,sums.style,available,16.99,38.99,medium,low,4,namesilo,,,18/09/2026 07:08
2f3ac4a1-a3fd-448f-ab3d-8903ad61cc28,topically.style,available,16.99,38.99,medium,low,9,namesilo,,,16/09/2026 09:16
a1f1b15a-5fb4-4ce2-8927-2f88c32542b6,coherent.style,available,7.98,49.98,high,low,8,namecheap,,,12/08/2026 16:00
80b408df-c923-4ca5-a5e7-9ea0c0922a55,gotten.style,available,12.99,,high,low,6,name.com,,,
255af693-9130-4430-9542-82ce05b2b599,pressed.style,available,16.99,38.99,high,low,7,namesilo,,,27/09/2026 05:21
aa3cbe6b-3233-490f-83c1-02b066ad4026,anonymity.style,available,16.99,38.99,high,low,9,namesilo,,,19/09/2026 11:38
209503bc-d261-496f-8be2-acd5bbc07d3d,grower.style,available,12.99,50.99,high,low,6,name.com,,,17/09/2026 19:21
57a39d99-30d1-4a6f-83a5-a66081998d2e,customise.style,available,12.99,,high,low,9,name.com,,,
b45556a5-b8e7-48c7-bedb-1133d6253270,monocled.style,available,7.98,49.98,medium,low,8,namecheap,,,09/08/2026 17:15
d3cfe050-9d19-40e2-a4ba-c9dbbefe934d,elvish.style,available,7.98,49.98,medium,low,6,namecheap,,,16/08/2026 03:43
f842129b-50f4-4572-aa33-cdde0177011f,anorectal.style,available,7.98,49.98,medium,low,9,namecheap,,,
b9bee130-0002-4b24-a7c5-ca84596a8482,antithesis.style,available,16.99,38.99,medium,low,10,namesilo,,,19/09/2026 15:11
f94905c9-4be1-4b36-840f-94ecd5869717,unpredictable.style,available,6.93,31.25,medium,low,13,spaceship,,,28/09/2026 15:57
c8e40ab8-ade9-4d25-9ac4-699ea8956f2e,assurgent.style,available,7.98,49.98,medium,low,9,namecheap,,,07/08/2026 08:26
a0da008f-68bf-43d3-808d-9770644b2aac,desktop.style,available,16,38.99,high,low,7,unstoppable,,,29/09/2026 14:08
202edd58-fcc6-4c69-b96f-82d003ba2c13,colbert.style,available,7.21,31.41,medium,low,7,porkbun,,,27/09/2026 12:41
2c1e746f-fe6c-427b-a124-754252ef39c0,steward.style,available,6.93,31.25,high,low,7,spaceship,,,28/09/2026 18:50
9bb3f10b-e0e5-44f3-8dd4-dc034ca55cb7,sweetly.style,available,7.98,49.98,high,low,7,namecheap,,,11/09/2026 05:33
1326cb76-bd78-45ec-8ed6-c384e3c88c4f,reception.style,available,12.99,,high,low,9,name.com,,,
d5d380f7-c508-45fb-8b17-356cf4b2ac2f,disturbing.style,available,7.98,49.98,medium,low,10,namecheap,,,14/08/2026 13:16
a03ebec1-af80-441e-a84d-254cd138218d,fairs.style,available,12.99,,high,low,5,name.com,,,
8ab0bb21-2032-4fc7-9af7-26ffed34d4ab,printer.style,available,6.93,31.25,high,low,7,spaceship,,,28/09/2026 15:08
4a24ddfb-a617-4a6d-8a13-b734b047a2d7,amateurs.style,available,6.93,31.25,medium,low,8,spaceship,,,29/09/2026 00:10
13e9d855-26e1-4a04-8280-1ede04676194,droning.style,available,7.98,49.98,medium,low,7,namecheap,,,25/08/2026 05:28
0d361a0e-d6c3-4fe9-b207-967258d34000,stating.style,available,12.99,,high,low,7,name.com,,,
a8404209-6c81-479a-a0fc-3e0b024f7f8f,reichstag.style,available,6.93,31.25,medium,low,9,spaceship,,,28/09/2026 16:30
7ad2c7e2-761f-461b-b3a7-5a89cc2396b0,sexual.style,available,6.93,31.25,high,low,6,spaceship,,,27/09/2026 20:20
dcd2f65b-9f44-4ffa-b98a-8c665015e48d,soprano.style,available,7.98,49.98,high,low,7,namecheap,,,10/09/2026 14:24
8203ab39-132e-4df0-8d22-b767d79f24cd,anticipate.style,available,12.99,,high,low,10,name.com,,,
995f8e43-c6a0-4ea8-943c-20cc9fe39cc6,lip.style,premium,38.94,38.94,high,low,3,namesilo,,,29/09/2026 00:19
160ed78c-9c37-4209-a46f-935557071ffa,merge.style,available,7.21,31.41,high,low,5,porkbun,,,29/09/2026 01:02
90e55ecb-4f25-4a98-bc13-6e5f7253a52a,alfalfa.style,available,7.98,49.98,high,low,7,namecheap,,,18/09/2026 06:07
47be25e3-aab8-4d4d-b9ae-5313ec453bbc,obsessed.style,available,7.98,49.98,medium,low,8,namecheap,,,21/08/2026 01:32
b0de343e-796e-479a-8965-3969fb314481,betray.style,available,7.98,49.98,medium,low,6,namecheap,,,28/09/2026 13:49
ef42c717-f2fa-41d3-bac2-90be9cf54f8c,broadsheet.style,available,7.98,49.98,high,low,10,namecheap,,,11/08/2026 05:08
8926d53f-bb22-49c5-a48c-92db86eafd84,before.style,available,16.99,38.99,high,low,6,namesilo,,,21/09/2026 23:34
131b894a-d638-4ce6-878f-1291d7a6f938,lan.style,premium,38.94,38.94,high,low,3,namesilo,,,30/09/2026 02:02
863cb360-b42c-4a47-b5fd-fbb60ec1fda9,boric.style,available,7.98,49.98,medium,low,5,namecheap,,,10/08/2026 19:48
7b68f2f0-42f0-4e79-bc63-20b330f30759,knobbly.style,available,7.98,49.98,medium,low,7,namecheap,,,22/08/2026 16:31
41b8836f-01f0-4f08-b6d5-24c32bcaaa06,automat.style,available,16.99,38.99,high,low,7,namesilo,,,21/09/2026 06:52
d34bf248-2e88-4d5c-8e32-74b61c75b5b7,midwinter.style,available,12.99,,medium,low,10,name.com,,,
a82b9362-7c30-4a32-a141-864f3c13053e,recorded.style,available,16.99,38.99,high,low,8,namesilo,,,27/09/2026 10:58
d5aad15d-110f-476e-a6b9-90ef19ae2649,kvetch.style,available,7.98,49.98,medium,low,6,namecheap,,,08/09/2026 20:36
679127d2-67ab-440b-9e41-4915f1ddd173,masculine.style,available,16.99,38.99,high,low,9,namesilo,,,25/09/2026 17:05
c88af276-e37f-4b3e-b159-73a03742aeca,aerie.style,available,,,high,medium,5,,,,
9c4be5fb-6da1-44c9-983b-a8188cecc100,operation.style,available,16,31.25,high,low,9,unstoppable,,,30/09/2026 02:52
74b815cb-f074-4913-bd38-bccc01529f19,intrusion.style,available,7.21,31.41,medium,low,9,porkbun,,,29/09/2026 00:48
6483728d-798e-4ffa-b29e-d99ab8c361eb,guido.style,available,16.99,38.99,high,low,5,namesilo,,,27/09/2026 06:38
343032a8-78c4-4249-9f65-1800aab287e5,benison.style,available,16.99,38.99,medium,low,7,namesilo,,,23/09/2026 08:11
87ec610a-4685-4489-8c57-1f589c87c46a,ferric.style,available,7.98,49.98,medium,low,6,namecheap,,,18/08/2026 02:07
ee3087f4-191c-446f-8a0a-5d39b9aaa1de,comal.style,available,7.98,49.98,low,low,5,namecheap,,,12/08/2026 18:23
104437f4-7a22-4a83-826e-460677c76e44,tumor.style,available,16.99,38.99,medium,low,5,namesilo,,,28/09/2026 10:32
7adf6b0b-a0e4-41c6-be76-aad11ca7dc4b,immovable.style,available,7.98,49.98,medium,low,9,namecheap,,,21/08/2026 21:17
a6e175bc-bb9a-47e5-b197-e0cba54b5fea,vagile.style,available,7.98,49.98,low,low,6,namecheap,,,13/09/2026 00:47
5ee1f20b-8316-4f40-bde1-8be6286bfe09,cleanly.style,available,7.98,49.98,high,low,7,namecheap,,,12/08/2026 10:21
1d85abd7-0559-4b26-bab6-69671f67e212,respecting.style,available,12.99,,medium,low,10,name.com,,,
215600b5-9e23-4094-b5c2-188788e8f3a9,bigot.style,available,16.99,38.99,medium,low,5,namesilo,,,23/09/2026 15:20
1a20cb24-e853-499f-8783-ff1c4e8f8d3c,inward.style,available,7.98,49.98,high,low,6,namecheap,,,21/08/2026 23:34
ee657560-955e-4f4d-b130-8986af3c0398,corpulence.style,available,7.98,49.98,medium,low,10,namecheap,,,04/09/2026 22:00
4c4ed99b-78b6-4f64-bf97-f18007ad6a23,allies.style,available,6.93,31.25,high,low,6,spaceship,,,28/09/2026 20:34
e4bad40a-17f3-47a4-aaaa-5a063f34bef3,eatable.style,available,7.98,49.98,medium,low,7,namecheap,,,12/08/2026 18:47
87e581be-eefa-48ba-baa1-d90eb1ac2f12,dormant.style,available,7.98,49.98,high,low,7,namecheap,,,
cf91a9ad-587f-4534-bc6a-60c7f44173e3,bradshaw.style,available,6.93,31.25,high,low,8,spaceship,,,27/09/2026 18:05
a872efca-2358-4d1a-ac25-7de2fb1bb59d,interesting.style,available,12.99,,high,low,11,name.com,,,
6e2c3d90-1dae-4c67-a3dd-7209926b6eba,dialectal.style,available,7.98,49.98,medium,low,9,namecheap,,,14/08/2026 05:48
69a6ecfe-6884-452c-9d9f-4c56c1d2f026,apish.style,available,7.98,49.98,medium,low,5,namecheap,,,06/08/2026 00:12
ba86786b-37b8-43a0-ac15-4afc52542aba,complained.style,available,7.98,49.98,low,low,10,namecheap,,,28/09/2026 17:47
364d3561-e245-4f62-b6db-c0d49d35e58e,aquarium.style,available,16.99,38.99,high,low,8,namesilo,,,19/09/2026 23:02
151574ac-5538-465d-82d1-e31e7107f9ac,gadsden.style,available,7.17,32.21,medium,low,7,dynadot,,,30/09/2026 01:42
ac97cad0-0b66-4538-8667-e7ca3a34b59e,honeybee.style,available,16.99,38.99,high,low,8,namesilo,,,19/09/2026 17:30
2576a692-25c8-4234-9027-33065df945df,chary.style,available,7.98,49.98,medium,low,5,namecheap,,,12/08/2026 02:59
f53f05a7-b865-4745-a944-66f5f1a25273,universally.style,available,12.99,,high,low,11,name.com,,,
fbbd6548-2dfc-492c-9c9d-481c4d2a9000,antitank.style,available,7.98,49.98,medium,low,8,namecheap,,,05/08/2026 19:44
564eb410-e991-48f2-ad05-fb5eb52b911a,experient.style,available,7.98,49.98,medium,low,9,namecheap,,,17/08/2026 18:12
77b77b60-2b21-41fe-a853-b54dc3ce48bc,bergman.style,available,16.99,38.99,high,low,7,namesilo,,,23/09/2026 09:21
8eea3e3c-fe9f-4aa3-a1eb-53cb48fd74e8,surfaces.style,available,12.99,,medium,low,8,name.com,,,
5c82655b-f1a5-4b10-9a5e-74a15a3fed9b,birches.style,available,16.99,38.99,medium,low,7,namesilo,,,20/09/2026 07:32
11d20427-5b47-4a7b-9dc8-f12f528996e5,halal.style,premium,78.54,78.54,high,low,5,namesilo,,,20/08/2026 22:18
c19ce645-31e5-4341-8689-404c6989bb8f,buccal.style,available,7.98,49.98,medium,low,6,namecheap,,,11/08/2026 07:27
57f6d043-2681-4e90-949e-cdd14acf2a90,badgering.style,available,7.98,49.98,medium,low,9,namecheap,,,13/09/2026 13:19
10dd4f13-fffd-4a4d-9331-76281c79e7b5,favoritism.style,available,7.98,49.98,high,low,10,namecheap,,,24/09/2026 22:35
04960709-9300-4b84-9910-d49da6acaa6c,motorized.style,available,7.98,49.98,high,low,9,namecheap,,,24/08/2026 18:45
a76955a0-cac9-4703-82ad-39c4a2b32fd5,achira.style,available,16.99,38.99,medium,low,6,namesilo,,,17/09/2026 00:42
f807448f-5181-4dbe-8aec-8a655f308b65,alkeran.style,available,16.99,38.99,medium,low,7,namesilo,,,18/09/2026 08:31
4711a4b8-e17f-4bf4-aa70-865fa14e540a,ricky.style,available,7.21,31.41,high,low,5,porkbun,,,27/09/2026 19:08
d51f9ed4-46fa-4bc2-9526-fa7fc1b10310,symphony.style,available,7.98,49.98,high,low,8,namecheap,,,08/09/2026 18:51
bc80b556-491d-44b5-83da-bc71f7c257f3,penn.style,available,16.99,38.99,high,low,4,namesilo,,,25/09/2026 09:52
14212652-74db-4b43-8f0a-5d71cbab945b,exec.style,available,6.93,31.25,high,low,4,spaceship,,,29/09/2026 18:26
3e3a687d-0b19-458f-9a75-ac381cf706fb,angelical.style,available,16.99,38.99,medium,low,9,namesilo,,,22/09/2026 04:27
787d7b9b-5899-4ec5-9c74-3611c434e29f,precision.style,available,16.99,38.99,high,low,9,namesilo,,,28/09/2026 15:06
56603a3a-5242-4828-b9b9-3e0e9053b570,quartet.style,available,7.98,49.98,high,low,7,namecheap,,,
6edbb28e-7244-4d3e-b35d-44e526896d80,orphans.style,available,16,,low,low,7,unstoppable,,,28/09/2026 18:19
6cc1c9c5-bc8e-442d-a862-cf6d31550f97,maladroit.style,available,7.98,49.98,medium,low,9,namecheap,,,24/08/2026 13:35
8a86fd1c-7d0c-434e-9354-98ecc872d6c1,entire.style,available,7.98,49.98,high,low,6,namecheap,,,17/08/2026 09:57
82d369ae-4cb5-4afd-a255-a9d1f11a4b62,dod.style,premium,72.6,72.6,high,low,3,dynadot,,,30/09/2026 01:18
82ada648-0da2-4729-99bc-4d82c3dc95b8,lavoisier.style,available,7.98,49.98,medium,low,9,namecheap,,,19/09/2026 15:25
5c4b4b53-1a5d-45db-b9e1-95cad876fd78,execrable.style,available,7.98,49.98,medium,low,9,namecheap,,,
25b3affc-5e84-4d65-85b9-c7228df1f6a7,foolishly.style,available,7.98,49.98,medium,low,9,namecheap,,,14/09/2026 19:22
ba762db0-9d40-49d0-9957-5ec74abb6b72,bermudas.style,available,16.99,38.99,high,low,8,namesilo,,,23/09/2026 09:44
4a71cfeb-996b-478a-bb54-7c931343c690,inquirer.style,available,16.99,38.99,high,low,8,namesilo,,,20/09/2026 14:22
28c5716a-4947-4218-b358-24834fb43465,remind.style,available,12.99,50.99,high,low,6,name.com,,,24/09/2026 20:14
acfcad59-31f7-4c38-aed0-21c08bf8ec2a,fearfully.style,available,7.98,49.98,medium,low,9,namecheap,,,14/09/2026 18:04
028b96c2-b7bb-4d5b-9aa8-927b5dfc20be,neutrality.style,available,16.99,38.99,high,low,10,namesilo,,,29/09/2026 15:55
611c58bd-342e-4c7d-83d6-a4e71b19b870,milled.style,available,7.98,49.98,medium,low,6,namecheap,,,24/08/2026 23:08
90e771fb-d398-4512-9397-f7633962c50e,aptitude.style,available,16.99,38.99,high,low,8,namesilo,,,19/09/2026 22:41
b6ffddf1-edbf-4d44-b78a-5e54dd200a95,ballyhoo.style,available,16.99,38.99,high,low,8,namesilo,,,21/09/2026 23:32
dcb086dd-125d-439b-814f-d24d137a510b,cognate.style,available,7.98,49.98,high,low,7,namecheap,,,10/08/2026 15:14
95b6f3a8-1300-43e4-94ec-b9d4874296f0,ancylus.style,available,16.99,38.99,medium,low,7,namesilo,,,19/09/2026 03:54
bc56d876-2c8d-482d-9e1b-64afdf02a453,herd.style,available,7.98,49.98,high,low,4,namecheap,,,24/09/2026 19:45
f30d6a28-5024-4daa-b8bb-0d7da8af9e82,cytotoxic.style,available,12.99,50.99,medium,low,9,name.com,,,13/08/2026 14:44
d9a68918-95d7-4d3b-88e5-d0181e11f543,anuran.style,available,7.98,49.98,medium,low,6,namecheap,,,05/08/2026 20:48
6bceccaa-6c2c-4a2b-8e28-71450c28d000,barman.style,available,16.99,38.99,high,low,6,namesilo,,,22/09/2026 06:19
560792c7-4c4d-4473-8577-2b87144471b5,tush.style,available,7.98,49.98,medium,low,4,namecheap,,,09/08/2026 11:45
51ccdf97-c1af-4c23-9447-8d6ada2014b9,bollock.style,available,16.99,38.99,medium,low,7,namesilo,,,21/09/2026 23:08
99b8f047-0ef0-4367-9e80-b278c2425742,rory.style,available,16,,high,low,4,unstoppable,,,28/09/2026 03:38
de645a46-bb4d-4539-99f9-ebbd5421d7d3,lenox.style,available,6.93,31.25,medium,low,5,spaceship,,,28/09/2026 22:22
02059847-d856-40a7-ab5c-d426522e42f3,taste.style,premium,82.5,,high,low,5,name.com,,,29/09/2026 21:45
8835bb8e-5055-426d-a8fd-2d02c35917aa,invariable.style,available,7.98,49.98,high,low,10,namecheap,,,12/08/2026 22:58
d3a550a5-1471-424c-9bcf-dcfb4889d442,lack.style,available,16.99,38.99,high,low,4,namesilo,,,27/09/2026 03:43
137bf2c5-5d1d-4264-9624-97113bfd2fe9,handiness.style,available,16.99,38.99,high,low,9,namesilo,,,16/09/2026 22:18
c5b23636-2352-4f40-92f5-b722697a564b,vicinity.style,available,6.93,31.25,high,low,8,spaceship,,,28/09/2026 19:41
af911ea5-c7a3-4547-8ae9-a6c9005915f7,manganese.style,available,16.99,38.99,medium,low,9,namesilo,,,20/09/2026 22:40
9eb7da5f-c25f-483d-848f-cbbdf30deffb,plundered.style,available,7.98,49.98,medium,low,9,namecheap,,,24/08/2026 09:47
3b154c94-7055-49d2-a9d6-18074bde4462,hinder.style,available,16.99,38.99,high,low,6,namesilo,,,24/09/2026 23:48
14c8e07c-556e-40b7-b4e9-e5fddd012800,regiment.style,available,6.93,31.25,medium,low,8,spaceship,,,28/09/2026 20:17
079f7037-1100-4619-9ebb-d9194f40d752,keenly.style,available,7.98,49.98,high,low,6,namecheap,,,15/09/2026 10:20
59625d04-18a2-4df1-af81-a23cbdaae1b2,guinean.style,available,7.98,49.98,high,low,7,namecheap,,,20/08/2026 20:52
43aaa74b-3eb4-4879-99c9-a7103b359051,necked.style,available,7.98,49.98,medium,low,6,namecheap,,,03/09/2026 14:40
4b93906f-1699-4caa-9eb7-755146c8ab6d,blackshirt.style,available,16.99,38.99,medium,low,10,namesilo,,,24/09/2026 03:05
34e35dd6-baf9-4580-8cf8-d4a637428336,intervention.style,available,16.99,38.99,medium,low,12,namesilo,,,29/09/2026 04:42
9f8d9843-bb74-4146-af05-cb88c1864525,nightmare.style,available,12.99,,high,low,9,name.com,,,
7b1fa276-e91c-4201-a2c3-47fe115d864f,bianca.style,available,6.93,31.25,medium,low,6,spaceship,,,28/09/2026 17:40
39e90fb8-ad86-4c31-8c76-31a2343c467a,blasting.style,available,7.98,49.98,high,low,8,namecheap,,,10/08/2026 13:10
173843f8-dd3e-4a2a-b4b5-7d457f127170,piffle.style,available,7.98,49.98,medium,low,6,namecheap,,,21/09/2026 21:41
79d49d2d-f968-4995-b546-5cedaec4bb7b,heralded.style,available,7.98,49.98,medium,low,8,namecheap,,,21/08/2026 06:51
fbac8b6d-8484-4d7c-bb2f-1f6201416ca0,escort.style,available,16.99,38.99,high,low,6,namesilo,,,24/09/2026 06:34
329f51b8-020c-4870-8483-e28f93e02800,finis.style,available,7.98,49.98,high,low,5,namecheap,,,12/08/2026 12:06
cdf78779-9aea-4162-bfe0-5e0f187b4695,curves.style,premium,46.2,46.2,medium,low,6,namecheap,,,
7ff64e89-297d-4676-87c0-ffe29c2c9aa3,tracked.style,available,7.98,49.98,high,low,7,namecheap,,,28/09/2026 09:27
3d3ea16f-03d4-465c-aa73-4e3903ad5753,git.style,premium,38.94,38.94,high,medium,3,namesilo,,,11/08/2026 09:25
edd21b8d-4dcf-494f-a0b9-d89b04d5a44d,murat.style,available,16.99,38.99,high,low,5,namesilo,,,29/09/2026 22:16
d94c15d2-1f48-4268-93a7-10c82a8a9236,jem.style,premium,38.94,38.94,high,low,3,namesilo,,,20/09/2026 08:04
9f0024bb-d237-47ad-8ea5-e6686a2c7f8b,york.style,available,16.99,38.99,high,low,4,namesilo,,,29/09/2026 23:04
ca677d92-f77d-42fc-b471-bd60f9c7fcc1,younger.style,available,16.99,38.99,high,low,7,namesilo,,,25/09/2026 12:10
c486fe2d-ff33-4c24-9321-f4c9bb56edab,sapid.style,available,7.98,49.98,medium,low,5,namecheap,,,18/08/2026 07:14
5a389be5-fa36-4878-b8d8-d737bae70d1e,described.style,available,16.99,38.99,high,low,9,namesilo,,,24/09/2026 06:37
e826c4bc-aedf-4013-96ad-2b4886eba56c,snails.style,available,16.99,38.99,medium,low,6,namesilo,,,29/09/2026 06:02
d199408c-e3de-4ac7-8c23-84a749fb5002,redundant.style,available,7.98,49.98,medium,low,9,namecheap,,,17/08/2026 16:08
f53b5010-257a-4ac0-9975-85728379c51b,carlsbad.style,premium,34.36,34.36,high,low,8,spaceship,,,29/09/2026 18:13
d4ae33c4-057d-4108-8942-0691b8687bfe,pending.style,available,16.99,38.99,high,low,7,namesilo,,,27/09/2026 03:20
7feb3449-4496-4155-9806-151347324f2a,idle.style,available,7.98,49.98,high,low,4,namecheap,,,08/08/2026 21:52
1ad3a02a-fd58-4d93-9f66-d1b42597e9a4,armand.style,available,16.99,38.99,medium,low,6,namesilo,,,28/09/2026 07:26
686b3d0c-d996-48e1-85a3-b1f19e5bacc6,hellish.style,available,7.98,49.98,medium,low,7,namecheap,,,09/08/2026 04:59
c984e9d9-f9bb-466a-8d09-3024519910fb,fighter.style,available,7.98,49.98,medium,low,7,namecheap,,,09/08/2026 13:34
e1682c5b-c552-4c96-81d8-8782b24d8346,colonies.style,available,30.2,30.2,medium,low,8,cloudflare,,,29/09/2026 15:59
45413315-d629-4a13-990c-60be5a1093f6,epistolary.style,available,7.98,49.98,high,low,10,namecheap,,,17/08/2026 11:14
17547c16-c839-4b7a-bf65-559d6990f6d5,admissible.style,available,7.98,49.98,high,low,10,namecheap,,,
bb48f747-013e-40d9-b78a-b07df1efe20f,conrad.style,available,7.98,49.98,high,low,6,namecheap,,,25/09/2026 04:23
4fa56860-269b-4cdc-91b9-497f28197e9c,theories.style,available,16.99,38.99,high,low,8,namesilo,,,28/09/2026 05:40
41bb656b-eb37-4e7c-b86b-887b93150259,safe.style,resell,,,high,medium,4,"GoDaddy.com, LLC",20/05/2015 16:00,20/05/2027 16:00,27/09/2026 17:44
e4089e89-adb8-436b-902d-ceedc207ce4c,ultimo.style,available,7.98,49.98,high,low,6,namecheap,,,11/09/2026 22:47
f78391e3-f280-445c-93b4-60ea5e41cb93,recognized.style,available,16.99,38.99,high,low,10,namesilo,,,21/09/2026 15:28
61f92adc-8f58-4920-a2e7-51eab501c5ac,cellular.style,available,7.98,49.98,high,low,8,namecheap,,,11/08/2026 23:32
1de54c48-d046-4130-839c-466480c62a56,midweek.style,available,7.98,49.98,high,low,7,namecheap,,,13/09/2026 09:34
f6a1ceba-4763-4a7f-9f53-8d5d7f3e1f1b,linnean.style,available,7.98,49.98,medium,low,7,namecheap,,,23/08/2026 17:24
3d2dcc70-f2ba-44d8-a9ee-ae917f68454e,weedy.style,available,7.98,49.98,medium,low,5,namecheap,,,09/09/2026 23:44
c662fe03-5dfb-4368-8da6-7e746e25b83e,bergen.style,available,16.99,38.99,high,low,6,namesilo,,,23/09/2026 09:19
037701ff-930b-49fb-90a1-20d84cba5c16,composing.style,available,16.99,38.99,high,low,9,namesilo,,,24/09/2026 16:54
367b226a-0148-4a32-80b7-42d334a03ff4,hadal.style,available,7.98,49.98,medium,low,5,namecheap,,,20/08/2026 21:30
30f9d686-b98e-45a0-a37a-77160177b716,grandly.style,available,7.98,49.98,high,low,7,namecheap,,,14/09/2026 22:02
124e8f2b-5dc1-42fb-a611-b0ad07891dd3,mackenzie.style,available,16.99,38.99,high,low,9,namesilo,,,25/09/2026 21:54
a58f3f10-9443-4458-abe4-f23073791772,guarded.style,available,7.98,49.98,high,low,7,namecheap,,,20/08/2026 20:41
7f4f839f-80e9-4541-a0e2-92156b0e477c,julia.style,premium,42.9,42.9,high,low,5,namecheap,,,25/09/2026 19:23
507c47de-7231-4442-9f97-fbaa4834093f,narrative.style,available,7.98,49.98,high,low,9,namecheap,,,03/09/2026 13:16
20ec97d1-83da-4a06-bfe6-6adf5918e70a,evidential.style,available,7.98,49.98,high,low,10,namecheap,,,17/08/2026 15:02
021f496f-52e8-45b8-baf6-6f352b431d72,candle.style,available,7.17,32.21,high,low,6,dynadot,,,29/09/2026 06:35
ad355d68-4591-4832-a483-1097a756c0b1,connectivity.style,available,30.2,30.2,high,low,12,cloudflare,,,28/09/2026 07:10
5da1071c-26c1-4fed-b3af-4e8f1be16029,nixon.style,available,7.98,49.98,high,low,5,namecheap,,,28/09/2026 10:34
f2a416c0-06e8-4e09-8655-ec3368f61bea,placate.style,available,7.98,49.98,high,low,7,namecheap,,,18/08/2026 22:12
9fad00c8-4e59-4fa5-a57e-7d1e0a15ba9d,imminently.style,available,7.98,49.98,medium,low,10,namecheap,,,15/09/2026 02:00
404fa84a-7619-445b-841e-7c4155c41fcd,jejune.style,available,7.98,49.98,medium,low,6,namecheap,,,22/08/2026 12:45
b33b5c44-067a-4565-a71d-2e4079c94988,competitors.style,available,16,,high,low,11,unstoppable,,,29/09/2026 11:34
f00da80f-aefa-4e85-84b1-023c83d135bd,spiny.style,available,7.98,49.98,medium,low,5,namecheap,,,08/08/2026 17:49
c54bcbb8-d341-4b70-8acf-25bd70592ea3,coil.style,available,7.98,49.98,high,low,4,namecheap,,,10/09/2026 15:52
a4367f43-22d6-44a1-84c1-47d2ac79c148,marie.style,premium,38.94,38.94,high,low,5,namesilo,,,25/09/2026 17:44
30146798-e478-4e33-964f-a7d128f7c77d,fictional.style,available,7.98,49.98,high,low,9,namecheap,,,17/08/2026 20:18
09c01602-c4ba-48d0-a11e-82c97baf50da,ropeway.style,available,12.99,50.99,medium,low,7,name.com,,,17/09/2026 12:50
1c954bb3-d4ee-4ab5-9c71-b21618c9df4f,ovoid.style,available,7.98,49.98,medium,low,5,namecheap,,,15/08/2026 18:50
d08d281e-e02f-4543-bb34-ca4de6f0924c,fluky.style,available,7.98,49.98,medium,low,5,namecheap,,,18/08/2026 09:19
650f110b-c62d-469d-bf10-7fdf4087e294,familial.style,available,7.98,49.98,high,low,8,namecheap,,,17/08/2026 21:41
011b45ca-a4ce-4707-bbcd-f5b52357af44,clitoral.style,available,7.98,49.98,medium,low,8,namecheap,,,12/08/2026 11:25
a7eb9d91-93a1-46e7-bd92-9355f4b63e8a,beingness.style,available,7.98,49.98,medium,low,9,namecheap,,,23/09/2026 04:19
9106de7e-e2de-43ef-9107-88075b5d64b0,mess.style,available,7.98,49.98,high,low,4,namecheap,,,25/08/2026 00:30
5000e35e-d587-41ec-96c0-f521a33698b5,kettering.style,available,16.99,38.99,medium,low,9,namesilo,,,29/09/2026 06:20
2dd6acd5-bc8e-43ea-aebf-86e91a0173bc,enlivened.style,available,7.98,49.98,high,low,9,namecheap,,,17/08/2026 09:37
0a73e048-857b-4d82-8e4a-16d4c468e8fc,coalition.style,available,16.99,38.99,high,low,9,namesilo,,,18/09/2026 07:45
a4ccc75d-22f8-4ff6-ae64-6b81e717e852,backside.style,available,7.98,49.98,medium,low,8,namecheap,,,09/08/2026 10:44
44bdcfbb-1f54-474e-8ec7-e800e9089e92,kemp.style,available,6.93,31.25,high,low,4,spaceship,,,29/09/2026 02:56
646201ac-2eec-4966-a2b8-d4f6830e41cc,winkler.style,available,16.99,38.99,high,low,7,namesilo,,,29/09/2026 03:40
6ddf203c-3d83-4cd6-8c70-7f2ae116f2a8,reptilian.style,available,7.98,49.98,medium,low,9,namecheap,,,09/09/2026 14:40
9197ad90-d9b3-459e-8ffa-f2e96e0a3f5e,nearby.style,available,7.98,49.98,high,low,6,namecheap,,,03/09/2026 14:32
6559db14-9e56-42b9-aab9-cd116bb31fd1,sword.style,available,7.98,49.98,high,low,5,namecheap,,,25/09/2026 10:46
deb7bd40-a28e-4900-a78e-066efe5ccc1f,preparations.style,available,30.2,30.2,medium,low,12,cloudflare,,,29/09/2026 05:22
2c7ed40a-3f23-4bac-af1e-483a63d1d1b8,dough.style,available,7.98,49.98,high,low,5,namecheap,,,08/09/2026 03:53
65bdad25-8976-4c9e-9233-187c56569546,dietetic.style,available,7.98,49.98,medium,low,8,namecheap,,,14/08/2026 06:56
7852a954-d0fe-42a5-992a-7796de524134,spent.style,available,7.98,49.98,medium,low,5,namecheap,,,14/08/2026 14:53
388b08bd-f457-44bf-8cba-2b4d25746770,statement.style,available,16.99,38.99,high,low,9,namesilo,,,28/09/2026 05:17
97e32afa-1dcd-4f22-965a-582f77f2f8cc,pounding.style,available,7.98,49.98,high,low,8,namecheap,,,11/09/2026 14:51
ecf4ac54-df21-4bc0-8e6a-b6eddd3763a4,polite.style,available,7.98,49.98,high,low,6,namecheap,,,13/08/2026 10:21
1bc2c649-2de9-469e-bf45-ad3dfac01e34,planetal.style,available,7.98,49.98,medium,low,8,namecheap,,,08/09/2026 20:42
15dc9776-f6f0-4e4a-8e2a-69d4678715ca,tersely.style,available,16.99,38.99,medium,low,7,namesilo,,,16/09/2026 08:13
9e7fda7b-08b4-498f-9a92-8e5034969941,untwisted.style,available,7.98,49.98,medium,low,9,namecheap,,,12/09/2026 21:56
ce7b1fba-796c-4677-91cd-28cdec1fa469,sees.style,available,7.98,49.98,medium,low,4,namecheap,,,
3aee850b-3c3a-411c-8559-e89742e18b24,tyke.style,available,7.98,49.98,medium,low,4,namecheap,,,25/08/2026 00:14
1547d2b6-b6f4-4b10-b8b9-25ed8020b100,indifferent.style,available,12.99,,high,low,11,name.com,,,
76139570-7dca-4781-be9c-8d8ba6702bee,pectoral.style,available,7.98,49.98,high,low,8,namecheap,,,08/09/2026 11:58
9324dc8d-d600-4b07-a160-b5d33003d471,uniting.style,available,16.99,38.99,high,low,7,namesilo,,,18/09/2026 15:39
47483c99-6336-443f-a773-0fbc38390071,endure.style,available,7.98,49.98,high,low,6,namecheap,,,11/08/2026 02:41
42a75b7e-2090-43f7-a9b7-6759c1cc95e0,rely.style,available,12.99,,high,low,4,name.com,,,
8e135d80-b5ca-465f-8bde-9b459bdcfa6b,ardea.style,available,16.99,38.99,medium,low,5,namesilo,,,20/09/2026 03:04
af823f35-93d3-480b-82ff-81540f9698f6,debasement.style,available,16.99,38.99,medium,low,10,namesilo,,,17/09/2026 10:16
c5f34a4e-55e0-4745-8565-6975e1e404ba,ibanking.style,available,16.99,38.99,medium,low,9,namesilo,,,20/09/2026 00:37
1a976310-27a8-46cf-98d8-8ddfb334ffd2,observer.style,available,16.99,38.99,high,low,8,namesilo,,,27/09/2026 03:30
c4fcd867-bc36-478b-b703-6502d6454b4d,aerobic.style,available,7.98,49.98,high,low,7,namecheap,,,21/09/2026 21:01
ce7350db-9ac1-4b85-ab5a-9a2ad909814c,leftist.style,available,7.98,49.98,medium,low,7,namecheap,,,12/08/2026 17:05
abf725ac-f260-4a3b-84f7-6b3fe54da727,rate.style,available,12.99,50.99,high,low,4,name.com,,,24/09/2026 13:46
875da6a9-b756-4da8-a684-d970cb08989a,blows.style,available,16.99,38.99,medium,low,5,namesilo,,,25/09/2026 16:53
5af9fa85-2b40-48e9-acc1-938164ac3e7d,acardia.style,available,7.98,49.98,medium,low,7,namecheap,,,16/09/2026 21:17
9c06f72c-bbec-4bd8-92f3-0b74dd067a8e,mathias.style,available,30.2,30.2,high,low,7,cloudflare,,,28/09/2026 05:17
36049315-60f4-4ad8-8e6f-dfa3d0ca23db,apocynum.style,available,7.98,49.98,medium,low,8,namecheap,,,19/09/2026 18:15
02a8ea49-81ce-4d06-85c0-8f9107f8a997,sicilian.style,available,7.98,49.98,high,low,8,namecheap,,,10/09/2026 07:29
4b94808b-78a4-4568-a2c6-bdc0120ced6e,peaks.style,available,6.93,31.25,high,low,5,spaceship,,,29/09/2026 17:03
667eaaa2-830e-44b5-9a68-ac3afcff6074,debauch.style,available,7.98,49.98,medium,low,7,namecheap,,,13/08/2026 02:20
249ba1e0-7b35-4fb2-a386-f2d24dbf6ada,calla.style,available,16.99,38.99,high,low,5,namesilo,,,20/09/2026 12:12
2b78e472-ee3a-49cd-be41-07d35195afa3,presidents.style,available,7.21,31.41,medium,low,10,porkbun,,,28/09/2026 23:13
f6df75f7-a566-41cd-8e3b-385f703616b7,worldly.style,available,7.98,49.98,high,low,7,namecheap,,,10/08/2026 13:20
dd8c2446-095e-492e-a902-8d32f1aa10e6,vanish.style,available,6.93,31.25,high,low,6,spaceship,,,29/09/2026 14:13
9895af17-14e4-4f8d-b6a5-0eb1b2dccecb,constance.style,available,16,,medium,low,9,unstoppable,,,28/09/2026 18:26
b34bbcc8-2021-490b-83ee-0a9db2c792dd,tiresome.style,available,7.98,49.98,medium,low,8,namecheap,,,10/08/2026 20:03
9c439c15-0180-47b4-bb3b-32c0e406076f,fema.style,available,16.99,38.99,medium,low,4,namesilo,,,29/09/2026 00:53
c9047fcf-7878-4b4b-ab71-d973bd62c0a7,spurting.style,available,7.98,49.98,medium,low,8,namecheap,,,22/08/2026 13:13
a8c08888-0e92-4bb9-84a4-f52efb7c0e42,fanged.style,available,7.98,49.98,medium,low,6,namecheap,,,17/08/2026 22:05
748573eb-cecd-4092-80d7-5b0ea2a0d776,risk.style,available,7.98,49.98,high,low,4,namecheap,,,08/09/2026 12:49
48fa30d1-1ecb-4b29-b914-b69cff994343,bardic.style,available,7.98,49.98,medium,low,6,namecheap,,,08/08/2026 18:00
d813c704-8164-468f-9b1e-164a00404902,patronage.style,available,16.99,38.99,high,low,9,namesilo,,,21/09/2026 15:39
a0d302b3-11b6-4370-a070-a29a8a70525a,niece.style,available,12.99,,high,low,5,name.com,,,
ebba0ab4-b627-428e-88fd-46602e39ad02,trained.style,available,16.99,38.99,high,low,7,namesilo,,,28/09/2026 09:30
242e9d50-2045-4f6e-97e7-9242b5849863,already.style,available,7.17,32.21,high,low,7,dynadot,,,28/09/2026 11:57
c6c29c77-e1c1-4172-a909-1373f29b7227,princeton.style,available,6.93,31.25,high,low,9,spaceship,,,28/09/2026 10:45
72064cad-f0d1-4cdf-8136-1ff456db87b6,narcotic.style,available,7.98,49.98,medium,low,8,namecheap,,,03/09/2026 13:12
3e1f39f7-9c15-4122-a5ac-6e88f932dbca,mohamed.style,available,30.2,30.2,medium,low,7,cloudflare,,,28/09/2026 04:07
f7b89960-ab91-438b-ab72-f5312063f4f0,penelope.style,available,16,,medium,low,8,unstoppable,,,29/09/2026 19:00
8b3b4e92-815a-44e4-b78a-51f8bc6983c4,silky.style,available,7.98,49.98,high,low,5,namecheap,,,09/09/2026 21:45
fc3a73d7-fbf1-46bd-a2bd-f42f981e642a,andrews.style,available,16.99,38.99,high,low,7,namesilo,,,19/09/2026 04:49
82430f98-5b6a-4f7c-85f9-c4a90a5534e9,linchpin.style,available,16.99,38.99,high,low,8,namesilo,,,21/09/2026 15:17
ad619d0f-fbb9-4ea6-8ea8-b7bae866eb5e,contact.style,premium,102.67,102.67,high,medium,7,spaceship,,,28/09/2026 01:41
fb176543-884e-4736-9bfd-d41c6d2c44e9,beret.style,available,16.99,38.99,high,low,5,namesilo,,,23/09/2026 09:15
5fbfb0e9-f62e-4de3-ba33-72330b00ab87,automation.style,available,16.99,38.99,high,medium,10,namesilo,,,28/09/2026 03:05
348204ec-2b54-43e2-bbda-f1b16e44ff93,evident.style,available,7.98,49.98,high,low,7,namecheap,,,06/08/2026 05:13
dff2b12d-339e-4f0d-abae-add4f1012b74,waken.style,available,7.98,49.98,high,low,5,namecheap,,,08/08/2026 00:08
e9d069a5-7a39-4006-acee-c06f769fd08d,mickle.style,available,7.98,49.98,medium,low,6,namecheap,,,25/08/2026 00:32
d4962955-5801-4d8e-9239-35bf89d5d6f7,largo.style,available,7.98,49.98,medium,low,5,namecheap,,,22/08/2026 19:59
899ad3eb-e257-469f-a0bf-a3aaf74ce6b7,casas.style,available,16,,medium,low,5,unstoppable,,,28/09/2026 23:52
0423c83a-26ed-4589-be23-d088f25474db,carryforward.style,available,16.99,38.99,medium,low,13,namesilo,,,16/09/2026 06:47
c23a8f87-57dc-49a3-868e-66ec4e4f6e49,fertile.style,available,7.98,49.98,high,low,7,namecheap,,,18/08/2026 02:11
56653b23-760a-44e0-aa5e-a25797d27e7f,argus.style,available,16.99,38.99,high,low,5,namesilo,,,20/09/2026 04:53
e0c85c88-6171-45cc-b25d-cdc869cfceb6,aigret.style,available,7.98,49.98,medium,low,6,namecheap,,,17/09/2026 20:56
0018db59-d898-44f8-a18a-6f5b1c982967,merciful.style,available,7.98,49.98,high,low,8,namecheap,,,24/08/2026 20:34
0fccb09f-29f1-4e34-944d-ec585684e703,offhand.style,available,7.98,49.98,high,low,7,namecheap,,,
38f39bb3-0b75-481c-ba6d-be7769c684a3,uri.style,premium,68.51,68.51,high,low,3,spaceship,,,28/09/2026 21:32
8f7ea72c-3e69-4490-aeaf-a51008ffd3b9,blacksmith.style,available,16.99,38.99,high,low,10,namesilo,,,24/09/2026 03:09
9a360da6-19ec-4e26-8eef-24f12a2c5c09,flaxen.style,available,7.98,49.98,medium,low,6,namecheap,,,18/08/2026 07:23
99787bed-a74a-4941-ab39-3b50fbf0169a,cutaneal.style,available,12.99,50.99,medium,low,8,name.com,,,13/08/2026 12:57
80ed221a-3c9d-4efc-95d0-3de4f9946d9d,meredith.style,available,16.99,38.99,high,low,8,namesilo,,,25/09/2026 06:29
1237d6f9-247f-452c-bfc6-71c74fe40287,ammoniac.style,available,7.98,49.98,medium,low,8,namecheap,,,
49b4bd52-4e47-4cf8-b876-e610fe961d12,unprepared.style,available,7.98,49.98,medium,low,10,namecheap,,,12/09/2026 17:22
125a26b8-3fd6-4f3f-9571-01ff067e22eb,gnp.style,premium,85.8,85.8,high,low,3,namecheap,,,30/09/2026 01:45
d6ae4ed6-d0bb-4c5a-ab71-214d191557c6,ruin.style,available,7.98,49.98,high,low,4,namecheap,,,08/08/2026 13:39
4ffecccf-6b3b-4cca-964f-187153191c2b,bluish.style,available,16.99,38.99,high,low,6,namesilo,,,22/09/2026 22:47
437d992c-40ef-4222-af08-d8f631d4ddbf,biographic.style,available,7.98,49.98,high,low,10,namecheap,,,10/08/2026 01:58
35acaaeb-a00c-4caa-8f0c-8ba631c7d253,montgomery.style,available,16.99,38.99,high,low,10,namesilo,,,16/09/2026 12:22
4357ea00-db4f-48ec-8be2-064cadb79b65,beatable.style,available,7.98,49.98,medium,low,8,namecheap,,,09/08/2026 05:37
d0378228-6baf-4704-9edc-e8a6725f68a3,uncrowned.style,available,7.98,49.98,medium,low,9,namecheap,,,13/08/2026 08:36
fa7c98a1-867d-476c-b4d9-c8be12955945,wineberry.style,available,7.98,49.98,medium,low,9,namecheap,,,20/09/2026 05:57
531dc151-fd9c-44e3-83c2-e9cee7d7889a,foreboding.style,available,7.98,49.98,medium,low,10,namecheap,,,18/08/2026 11:32
da78591e-0470-4ab2-91a3-c590a517b40f,tireless.style,available,7.98,49.98,high,low,8,namecheap,,,21/08/2026 00:49
843190f5-3762-4be7-9fb5-de490ae4bdd1,ambrosian.style,available,7.98,49.98,high,low,9,namecheap,,,
7fc937c8-1bb3-4a1b-a500-d850c1485519,uuh.style,premium,78.54,78.54,medium,low,3,namesilo,,,20/09/2026 22:22
c0744353-ee5a-4412-9113-3f33151d1636,storytellers.style,available,16.99,38.99,high,low,12,namesilo,,,20/09/2026 12:55
c82d95db-ccaa-4330-b00b-9c2730d72af8,electricity.style,available,6.93,31.25,high,low,11,spaceship,,,28/09/2026 07:43
126afb59-e302-48fe-b9f4-0395305e7b03,europium.style,available,16.99,38.99,medium,low,8,namesilo,,,20/09/2026 23:26
e5421fb3-1d48-4e8d-b15b-3be29cdaaa8f,merry.style,available,7.98,49.98,high,low,5,namecheap,,,11/08/2026 04:28
2083babe-8b6c-410e-8a6c-6970193189f4,sighted.style,available,6.93,31.25,high,low,7,spaceship,,,27/09/2026 21:56
08776f1d-9865-4ff6-8737-522b443074dc,sammy.style,available,16.99,38.99,high,low,5,namesilo,,,26/09/2026 03:25
7fa1908d-51eb-4e48-8e9f-26ce69ae71e6,unequaled.style,available,7.98,49.98,high,low,9,namecheap,,,12/09/2026 09:09
b3fb9c15-5eea-4133-a10c-455b7bd8536c,aliquot.style,available,7.98,49.98,medium,low,7,namecheap,,,
b9d37414-6734-46a0-811b-464c4cb25146,unexcited.style,available,7.98,49.98,medium,low,9,namecheap,,,12/09/2026 09:30
4ead4d48-1213-48c7-a1c6-36ec66176913,kiss.style,available,16.99,38.99,high,low,4,namesilo,,,29/09/2026 05:31
fb8c020c-ea5a-4c62-a3b8-29ed5e8af72c,interrupt.style,available,12.99,50.99,high,low,9,name.com,,,13/08/2026 12:38
22146b1a-cff0-4b7c-a527-1d5d6dd32ae0,descended.style,available,7.98,49.98,medium,low,9,namecheap,,,29/09/2026 10:16
6a58c6b3-e1a1-4835-a18a-554deded957f,flashes.style,available,16.99,38.99,medium,low,7,namesilo,,,29/09/2026 10:47
389a26ca-b793-4742-b54b-44a5f9f8697c,minsk.style,available,16.99,38.99,high,low,5,namesilo,,,28/09/2026 05:24
8fc2fc3f-78ab-4d5d-a32a-2dbac3d4285a,eritrean.style,premium,38.94,38.94,high,low,8,namesilo,,,17/08/2026 12:22
ea9c0680-13b0-4c80-aa06-c57312a1a593,baldachin.style,available,7.98,49.98,medium,low,9,namecheap,,,21/09/2026 21:30
40c2ccba-8e91-4bd8-8844-1cc502e1dcca,superb.style,premium,78.54,78.54,high,low,6,namesilo,,,23/09/2026 09:28
91e720e8-3d47-4f93-8ee5-708a611109ac,group.style,premium,118.8,118.8,high,low,5,namesilo,,,27/09/2026 09:25
24eac1c4-bc44-499f-aa90-c9611fcf60b5,issus.style,available,16.99,38.99,medium,low,5,namesilo,,,22/09/2026 15:11
2738242c-34ee-412a-b7e1-e8a8d39db1af,audubon.style,available,16.99,38.99,medium,low,7,namesilo,,,21/09/2026 03:14
6d01fe6e-6c81-4a43-841e-2bedf0101a38,synchronic.style,available,7.98,49.98,medium,low,10,namecheap,,,11/09/2026 06:15
42410e80-a4c8-490f-96b0-dc9eab5510fb,recessive.style,available,7.98,49.98,medium,low,9,namecheap,,,09/09/2026 11:25
46443431-fe19-4974-99f1-59c747872cd9,pga.style,premium,,,high,low,3,,,,28/09/2026 07:12
1ef462bb-7d1f-4c0e-8691-e4cc002123cb,beers.style,available,7.98,49.98,medium,low,5,namecheap,,,27/09/2026 10:55
ae4a29bf-0c7d-47e9-9664-83d8a28b64c9,sate.style,available,7.98,49.98,medium,low,4,namecheap,,,09/09/2026 14:30
1fdf213d-c56a-48a6-ade4-97dcac927836,stub.style,available,16.99,38.99,high,low,4,namesilo,,,24/09/2026 13:57
ff2c392b-ad6b-4707-8b88-33ddcf744fb9,apocrypha.style,available,7.98,49.98,medium,low,9,namecheap,,,19/09/2026 18:13
041f33c1-ef83-4135-afb1-f534b6e5d78a,surround.style,available,16.99,38.99,high,low,8,namesilo,,,24/09/2026 07:28
c1aed930-1c73-4a9e-b63c-4c49d07b138a,bubbles.style,available,16.99,38.99,high,low,7,namesilo,,,17/09/2026 03:32
c6392130-5481-4670-a222-e23a1f8c99de,abydos.style,available,16.99,38.99,medium,low,6,namesilo,,,16/09/2026 19:41
f9e6bedc-1982-4433-88ea-e81714106336,transform.style,premium,33.5,,high,low,9,unstoppable,,,28/09/2026 20:53
28dfce3f-92d7-4ad6-a342-c45e4e2cf689,luigi.style,available,16.99,38.99,high,low,5,namesilo,,,27/09/2026 07:36
ba2358cf-3ff1-4f71-aa92-542e6bed4063,bairn.style,available,7.98,49.98,medium,low,5,namecheap,,,21/09/2026 19:31
f0f6ecb4-eeef-449c-b3a3-d94e9c0a80f7,berra.style,available,16.99,38.99,medium,low,5,namesilo,,,23/09/2026 10:04
067f3562-d355-4b17-b6cb-1e883814f84b,endoscopic.style,available,7.98,49.98,medium,low,10,namecheap,,,17/08/2026 01:19
f112ed73-2e4a-4f72-8f28-6044ef3aab94,aerobics.style,available,7.98,49.98,high,low,8,namecheap,,,17/09/2026 12:56
48c1a79b-d630-4122-9e05-52bcff28659b,discover.style,resell,,,high,high,8,Squarespace Domains II LLC,15/11/2016 23:15,15/11/2026 23:15,28/09/2026 02:56
780e93f9-0517-49a7-aa39-f48f92282928,mothafucker.style,available,12.99,,medium,low,11,name.com,,,
f6657033-c8df-4021-b478-5653c61de7ad,leak.style,available,6.93,31.25,high,low,4,spaceship,,,30/09/2026 02:34
cb203aa3-8c28-4418-b4db-3cd23d683b74,algebra.style,available,16.99,38.99,high,low,7,namesilo,,,18/09/2026 06:54
391f173e-1646-440c-abc4-163d6c09cd4b,vacations.style,premium,78.54,78.54,medium,low,9,namesilo,,,20/09/2026 00:12
5bd51089-1ed5-4f58-b7b6-1876a6edfe23,aidan.style,available,7.98,49.98,high,low,5,namecheap,,,29/09/2026 15:22
771ad7e2-f477-4514-a317-bd34614358d3,lutetium.style,available,16.99,38.99,medium,low,8,namesilo,,,20/09/2026 23:39
6c2930f2-2aea-45fe-85e1-959d40371c43,immortality.style,available,7.21,31.41,high,low,11,porkbun,,,29/09/2026 05:02
b8abd651-2923-48dc-91c3-e96788379bc3,cumbersome.style,available,7.98,49.98,medium,low,10,namecheap,,,13/08/2026 10:25
20cf98e3-0f35-4adf-8c0f-b1eda0eff201,pathogenic.style,available,7.98,49.98,medium,low,10,namecheap,,,22/08/2026 04:17
1879baac-8516-4ef5-b61c-583ca5988a8f,listeners.style,available,7.17,32.21,medium,low,9,dynadot,,,29/09/2026 17:43
1c58029c-e43d-41d9-aa00-78fe42e1df73,foe.style,premium,,,high,low,3,,,,29/09/2026 18:55
5aa43229-a650-41f5-8591-02266e9421f4,erudite.style,available,7.98,49.98,high,low,7,namecheap,,,17/08/2026 13:10
64703ab5-8418-4636-97f1-d444c49f9c9f,wastes.style,available,16.99,38.99,medium,low,6,namesilo,,,17/09/2026 07:45
4557f3d1-3e34-4023-8703-31f831e3d97a,forfeiture.style,available,7.98,49.98,medium,low,10,namecheap,,,18/08/2026 11:45
9642cd29-223f-42cf-b882-34eeb65e0651,reject.style,available,7.98,49.98,high,low,6,namecheap,,,24/09/2026 20:15
088ce8d1-824e-49e4-ba6e-842a1fd4d8c8,humble.style,available,16.99,38.99,high,low,6,namesilo,,,22/09/2026 17:44
ec3c10c5-8baf-49ca-8bcb-115d92525eda,halfway.style,available,7.98,49.98,high,low,7,namecheap,,,11/08/2026 23:56
308b69db-ffac-4566-930e-4e887913cbc8,dogwalking.style,available,7.98,49.98,high,low,10,namecheap,,,18/09/2026 19:10
e6108864-ec1b-4f7b-8123-edb5cf37c94d,protean.style,available,7.98,49.98,high,low,7,namecheap,,,09/09/2026 04:06
03f90ffc-31c2-4525-981a-17e9b33c0d3a,tentative.style,available,16.99,38.99,high,low,9,namesilo,,,27/09/2026 07:00
2418ef4f-8c1a-43c8-b3ac-d9892792c043,checkbook.style,available,16.99,38.99,high,low,9,namesilo,,,24/09/2026 13:57
b52e3cc3-d5f3-4e11-985e-5a106c0a2ca0,rolls.style,available,16.99,38.99,high,low,5,namesilo,,,27/09/2026 07:45
c66bac04-a482-48fa-a89e-3c52d747bfae,hatch.style,available,16.99,38.99,high,low,5,namesilo,,,27/09/2026 03:37
79178a69-7ebd-4b24-b5b9-fa3d626aa209,injection.style,available,6.93,31.25,high,low,9,spaceship,,,28/09/2026 06:02
e8bb5d6b-8a2d-45d5-8633-164d85659775,accusation.style,available,16,,medium,low,10,unstoppable,,,28/09/2026 17:30
87ed74fc-7449-452a-824a-56f14a5fb645,botanical.style,available,7.98,49.98,high,low,9,namecheap,,,10/08/2026 20:47
d87ebb31-2693-47a5-b6c0-77c47e81777f,variations.style,available,7.98,49.98,medium,low,10,namecheap,,,18/09/2026 20:13